customer_id,recency,frequency,monetary,cluster
20171,185,8,3876962.0,0
17553,609,3,2031880.0,0
33382,42,29,22060248.0,1
7302,39,23,14312461.0,1
6267,135,11,4559261.0,0
31217,292,5,3796739.0,0
61382,293,5,1152177.0,0
37191,65,28,17285932.0,1
85019,238,6,1161461.0,0
69239,207,9,3861281.0,0
58984,80,25,17008357.0,1
60555,148,5,1732161.0,0
92509,27,29,11968998.0,1
52477,378,2,868138.0,0
79619,17,38,19798204.0,1
68338,21,53,16376774.0,1
84341,7,96,53699196.0,4
38684,457,10,6444479.0,0
68475,63,44,21830039.0,1
55866,186,6,3308646.0,0
60910,27,47,23216883.0,1
99959,41,8,3453146.0,0
26129,55,41,21885051.0,1
16102,24,44,24096398.0,1
30234,247,7,2888618.0,0
51826,18,51,24504756.0,1
27763,57,30,12992934.0,1
77908,48,18,8759571.0,0
23704,35,19,9511308.0,0
36941,142,10,2776535.0,0
96235,226,7,2086971.0,0
6287,56,22,7770574.0,0
57360,423,5,2176752.0,0
12589,2121,1,277491.0,3
82540,50,52,22117915.0,1
7574,66,23,6926161.0,0
71231,42,28,17456732.0,1
86375,74,21,16260853.0,1
3228,11,72,35216253.0,4
50989,57,17,6363687.0,0
13514,104,179,91660536.0,2
72706,72,5,1739161.0,0
44301,69,36,20637241.0,1
57801,23,30,9539030.0,1
81961,31,29,8530924.0,1
94964,58,13,3878992.0,0
35130,25,27,16981969.0,1
98366,9,36,19781013.0,1
80547,12,33,35869272.0,1
76018,127,14,7388873.0,0
5882,83,14,7390714.0,0
94695,50,19,14329159.0,1
77919,1232,1,342190.0,3
98034,319,4,1122015.0,0
83582,256,9,2959495.0,0
4034,358,5,1418588.0,0
92612,259,8,3004862.0,0
14750,113,8,4622538.0,0
91827,43,19,9825682.0,0
76833,48,21,8779896.0,0
71509,650,2,427025.0,0
55413,101,12,16182182.0,1
57767,491,4,1815544.0,0
3755,35,25,15801297.0,1
22096,15,44,21369394.0,1
58524,64,26,8692161.0,1
87120,10,118,69337781.0,4
22331,155,23,15995933.0,1
25331,38,43,20256070.0,1
21189,34,41,22732287.0,1
78779,316,4,1143489.0,0
37489,1553,1,59484.0,3
95451,80,16,6561463.0,0
67395,38,34,11435929.0,1
62490,263,8,2588089.0,0
20021,58,26,20649184.0,1
64224,903,1,754042.0,3
99856,597,3,848063.0,0
80779,388,3,659983.0,0
48992,108,11,3211269.0,0
19158,28,12,5545862.0,0
12177,130,3,815983.0,0
32417,29,11,5233726.0,0
87909,221,5,1839013.0,0
93347,55,30,10019803.0,1
39643,4,144,81954371.0,4
86059,96,22,9730567.0,1
99680,68,159,84896472.0,2
81098,31,32,17889779.0,1
4776,215,7,6927989.0,0
86541,16,50,30843081.0,1
3695,108,19,8649611.0,0
14523,71,13,10562168.0,0
88092,3,107,67444468.0,4
18113,385,1,126020.0,0
71084,0,171,78755042.0,2
26872,39,30,20177957.0,1
74012,28,42,30752220.0,1
12569,91,16,10793986.0,0
13818,352,5,1876955.0,0
70887,706,3,876852.0,0
25877,36,110,55642507.0,4
62852,35,34,17695526.0,1
94257,82,17,6883466.0,0
99454,56,17,4910129.0,0
38069,52,37,21254873.0,1
46917,80,18,10031069.0,0
24983,27,34,20909040.0,1
28487,32,20,12548973.0,1
21591,207,3,533281.0,0
8126,79,24,7647106.0,0
84467,1904,1,159854.0,3
67453,250,4,2108719.0,0
64336,165,6,1177966.0,0
93858,20,69,41287603.0,4
44049,46,8,5489143.0,0
94545,29,12,9881855.0,0
88932,180,7,3299524.0,0
58593,47,58,39412813.0,4
65716,30,16,5679411.0,0
77571,89,7,4477751.0,0
80741,4,42,24464846.0,1
43047,16,25,13046784.0,1
19179,13,51,41207360.0,4
43852,47,23,12413368.0,1
78792,67,23,14074864.0,1
98460,720,3,1136656.0,0
10973,235,4,8976146.0,0
88929,59,20,14808013.0,1
46653,64,8,5598298.0,0
35518,66,7,2167040.0,0
8494,44,13,4503340.0,0
64853,25,74,59289078.0,4
35758,26,40,18038479.0,1
7558,36,28,13353747.0,1
95539,102,12,3188138.0,0
53111,126,8,5443404.0,0
2421,417,4,768044.0,0
202,47,33,17085882.0,1
64918,72,13,9409111.0,0
82997,69,22,12219318.0,1
68021,64,57,22971011.0,1
16176,19,34,12989803.0,1
22931,265,8,6767481.0,0
24266,459,3,1644111.0,0
30468,73,13,3538261.0,0
74878,60,28,14227445.0,1
11386,167,2,683824.0,0
94656,18,102,55137024.0,4
74058,266,1,4012840.0,0
54326,34,8,1930982.0,0
76493,17,32,15592681.0,1
91719,122,7,2224730.0,0
64926,19,32,13408826.0,1
73486,70,9,2444712.0,0
67617,51,13,14964838.0,1
31557,84,22,9002223.0,0
80358,84,60,27932270.0,1
41259,164,17,9786967.0,0
22061,5,25,29649549.0,1
3151,46,6,2414109.0,0
87327,36,53,34164992.0,1
11816,385,2,468675.0,0
62956,1413,1,191984.0,3
36938,1,152,70472879.0,4
59114,27,41,25388733.0,1
79611,96,9,2564581.0,0
15350,35,35,13704578.0,1
17475,9,30,15305917.0,1
86282,369,5,4088615.0,0
30089,743,2,1247643.0,0
54383,367,3,910503.0,0
5706,81,3,1916774.0,0
59617,1826,1,2580660.0,3
94750,2181,1,329615.0,3
79493,100,11,11110447.0,0
20580,275,4,1752924.0,0
91177,160,9,5369037.0,0
25792,181,5,4588188.0,0
16128,192,2,700067.0,0
9943,129,3,1141536.0,0
20946,75,4,1206929.0,0
46617,447,3,1056984.0,0
59163,112,16,11532583.0,0
89863,801,2,520596.0,3
57017,74,12,4994445.0,0
95108,1088,2,410175.0,3
29273,609,2,567931.0,0
78794,944,2,424199.0,3
55220,1715,1,1195365.0,3
38600,139,8,3489328.0,0
84333,392,1,288018.0,0
59005,289,5,1451259.0,0
39559,306,7,6189919.0,0
82512,49,8,5456074.0,0
7212,29,11,6808436.0,0
82551,1638,1,157859.0,3
79361,61,21,6253673.0,0
89989,529,4,728706.0,0
85909,208,4,1969821.0,0
10002,220,3,668210.0,0
6009,27,22,11393034.0,1
92097,220,4,8608702.0,0
85065,140,6,3564776.0,0
83793,249,4,2580737.0,0
39186,360,5,4330868.0,0
47682,446,3,975201.0,0
12137,65,5,4361871.0,0
73028,29,12,4932871.0,0
9725,1014,1,206889.0,3
1976,53,31,21048819.0,1
71165,362,4,5529994.0,0
84520,22,16,9658755.0,0
7185,1828,1,190539.0,3
3454,1092,1,395450.0,3
3455,379,1,4589757.0,0
47111,1667,1,191239.0,3
92361,372,1,191244.0,0
56929,181,4,5960304.0,0
73201,371,1,315688.0,0
4162,189,4,1135007.0,0
8008,318,4,766346.0,0
50348,419,3,703732.0,0
79313,1744,1,416168.0,3
79348,594,2,737441.0,0
23526,804,2,520390.0,3
47564,1785,1,311072.0,3
87016,173,11,5440406.0,0
16286,275,5,1142544.0,0
25141,424,8,4635510.0,0
42552,37,7,5414689.0,0
60303,675,3,1580173.0,0
96342,104,7,3817691.0,0
16294,973,2,321207.0,3
40718,127,3,2620492.0,0
71671,983,2,1235828.0,3
19293,1176,1,292884.0,3
80868,494,3,2456338.0,0
22706,504,3,1012660.0,0
69995,1237,1,850209.0,3
68015,374,1,232702.0,0
23684,641,3,784213.0,0
88243,196,3,1057632.0,0
21975,501,2,780872.0,0
7665,223,8,7832132.0,0
36841,393,1,339352.0,0
72467,79,19,12573437.0,1
85778,57,6,3952003.0,0
31472,177,5,1720707.0,0
30388,17,40,26103833.0,1
78992,11,113,80961148.0,4
9739,133,10,7237275.0,0
49574,230,6,1846637.0,0
21443,20,23,23199871.0,1
5579,55,11,3562992.0,0
78784,413,4,877741.0,0
94779,411,4,1697882.0,0
45124,206,5,3890083.0,0
8712,35,68,41258675.0,4
44208,34,23,10556791.0,1
93640,31,16,8107658.0,0
92788,68,4,3373573.0,0
37969,126,3,796782.0,0
85556,12,25,10193853.0,1
26992,81,17,13105227.0,1
48821,270,5,1351755.0,0
72152,47,37,26713276.0,1
65867,108,10,4025139.0,0
2278,22,44,14025191.0,1
53978,82,16,8043872.0,0
19574,91,11,5236465.0,0
85096,47,16,10832489.0,0
88413,19,24,13809609.0,1
38331,14,15,17648002.0,1
71762,26,12,4637803.0,0
90520,31,8,3225282.0,0
27390,564,1,449195.0,0
2042,15,17,13255796.0,1
86993,58,3,1764787.0,0
42030,26,18,7873988.0,0
50538,126,4,1193904.0,0
60276,39,12,8910085.0,0
87432,489,1,290433.0,0
56361,16,34,14535820.0,1
75961,28,13,12440215.0,0
30671,40,31,17085174.0,1
79942,235,2,360694.0,0
76756,3,32,17628224.0,1
85753,12,23,14663111.0,1
58468,28,6,1402866.0,0
82925,6,43,21792792.0,1
72553,36,8,7465157.0,0
47449,256,4,1116890.0,0
37434,701,3,584857.0,0
94156,39,16,6216785.0,0
14587,16,20,16399858.0,1
9769,50,4,1625936.0,0
15046,16,13,8035433.0,0
98296,361,3,1931343.0,0
22898,859,1,300088.0,3
85670,10,95,51586791.0,4
87747,37,14,7543434.0,0
99325,175,1,85988.0,0
30926,1,44,30787011.0,1
46351,18,11,3153079.0,0
4419,12,16,4581533.0,0
72811,10,22,25340754.0,1
25537,456,2,511262.0,0
9043,5,29,20517621.0,1
48505,46,8,3102351.0,0
50738,107,3,1789256.0,0
19070,40,21,12045656.0,1
95659,52,17,20508837.0,1
37001,24,12,3801030.0,0
8796,76,19,9152337.0,0
75051,460,1,234774.0,0
2429,5,28,15914244.0,1
50488,38,6,1837716.0,0
66789,151,1,224253.0,0
22661,2,6,1892630.0,0
85452,20,33,25124874.0,1
51007,61,4,1483349.0,0
59105,19,16,8573747.0,0
88696,3,25,15102772.0,1
61337,16,35,17734150.0,1
12097,154,1,466688.0,0
50004,185,7,6044124.0,0
3962,98,5,4651112.0,0
75010,247,6,2445447.0,0
70493,3,11,4091029.0,0
93658,33,64,29424877.0,1
53953,14,12,5758430.0,0
5369,49,2,498300.0,0
55704,15,14,8559752.0,0
29687,24,7,3056251.0,0
52872,169,10,3061819.0,0
77287,207,1,243009.0,0
61013,7,115,70152283.0,4
78446,42,34,17051719.0,1
64204,41,20,6773876.0,0
62770,36,47,14231698.0,1
49717,68,3,914016.0,0
76929,7,8,7567546.0,0
6718,67,12,4386156.0,0
76587,396,2,2999370.0,0
23338,2,90,41136291.0,4
83493,48,26,16363930.0,1
3874,86,7,2245863.0,0
62674,324,5,4618486.0,0
21112,0,17,4903450.0,0
49544,91,19,7387747.0,0
34644,20,48,23698847.0,1
46948,159,8,2658297.0,0
70796,1,48,19020134.0,1
76457,13,50,28522686.0,1
70394,50,16,12164741.0,1
37475,7,9,5802623.0,0
60892,10,25,11605859.0,1
19678,158,6,3317722.0,0
1918,59,16,7207672.0,0
86639,160,8,3558733.0,0
21542,1,268,167188188.0,2
15929,24,15,9032634.0,0
96918,22,76,50903607.0,4
34159,120,8,3183777.0,0
75187,810,1,798224.0,3
53942,17,28,11548117.0,1
21364,42,12,3012227.0,0
6735,53,35,18692261.0,1
75557,37,30,13747522.0,1
11310,111,4,5015977.0,0
1237,150,3,836616.0,0
48932,19,73,36118451.0,4
52360,49,60,26314387.0,1
82616,27,57,32772552.0,1
787,53,47,21584754.0,1
16761,39,6,7804077.0,0
54583,154,8,8142417.0,0
99754,73,27,10126683.0,1
18817,56,107,62616296.0,4
53453,8,88,48948076.0,4
61233,8,130,59709962.0,4
80689,32,19,9349877.0,0
7695,205,6,2316169.0,0
2250,1,39,20178601.0,1
25407,59,13,6969889.0,0
87466,82,26,11208209.0,1
5985,38,7,1679656.0,0
33085,11,24,15907651.0,1
17665,23,27,13871108.0,1
58542,36,28,8590670.0,1
13458,19,23,9544192.0,1
90941,33,70,32153491.0,4
83439,25,30,19086072.0,1
60256,23,17,12657548.0,1
49300,92,5,2104193.0,0
83530,513,2,295784.0,0
27944,95,18,4243845.0,0
35863,62,18,14021161.0,1
1345,181,9,7069183.0,0
14135,17,24,9635893.0,1
49048,10,54,22009220.0,1
56470,1,41,26186468.0,1
18794,741,1,565066.0,0
80545,36,50,22860006.0,1
58539,68,13,5266990.0,0
95225,244,5,2469616.0,0
3921,216,10,3279197.0,0
72038,10,30,12111876.0,1
88151,3,71,62853808.0,4
6860,137,7,16257340.0,0
45580,48,87,43755237.0,4
88662,25,21,16586247.0,1
54645,68,18,9618325.0,0
77967,474,3,1891491.0,0
99637,236,7,3704667.0,0
40322,302,7,2746544.0,0
63452,4,27,27264865.0,1
11763,35,9,2867675.0,0
34125,122,12,4425808.0,0
91044,43,65,48316562.0,4
56004,0,4,1684206.0,0
85382,9,14,10091500.0,0
89838,18,30,14834655.0,1
72324,21,31,20853822.0,1
44088,20,11,4574968.0,0
35789,105,1,258978.0,0
10113,42,31,18116616.0,1
62006,87,18,6036006.0,0
61051,65,7,1684868.0,0
45398,1768,1,273404.0,3
72786,291,1,531605.0,0
57864,1780,1,487724.0,3
4022,40,5,2899411.0,0
9807,242,1,214946.0,0
83215,478,4,2462424.0,0
18040,178,6,1235913.0,0
41157,543,2,946594.0,0
55640,390,3,1496720.0,0
54505,689,3,1808948.0,0
41236,30,10,4188523.0,0
10997,77,7,6662074.0,0
77133,204,3,394244.0,0
39870,175,1,295252.0,0
7284,169,3,732988.0,0
91268,122,4,1280612.0,0
2460,159,2,1231599.0,0
41826,13,12,5790126.0,0
23191,476,1,1585506.0,0
19940,60,3,845685.0,0
41525,687,1,801212.0,0
63634,69,4,2915665.0,0
63440,16,14,3099369.0,0
51570,97,8,3703169.0,0
36425,470,4,5163564.0,0
31493,62,4,1052850.0,0
49015,69,2,1441194.0,0
72963,166,3,1079179.0,0
81596,34,18,12177973.0,1
94427,31,3,750108.0,0
12725,0,12,4895505.0,0
59922,1887,1,171104.0,3
69275,199,4,1321150.0,0
34685,177,9,7343928.0,0
1943,90,2,459622.0,0
10522,1381,1,193051.0,3
50753,636,3,2844512.0,0
12742,8,7,2629936.0,0
25179,425,3,994493.0,0
36016,25,17,18576815.0,1
9643,109,5,2827986.0,0
96118,545,3,2936134.0,0
66390,183,6,2792787.0,0
31808,58,24,11477738.0,1
74821,3,2,1053047.0,0
70119,83,10,7497650.0,0
43101,612,3,669369.0,0
80679,392,3,507949.0,0
6527,43,22,16037954.0,1
29190,83,1,316554.0,0
62735,5,4,3969755.0,0
51313,12,1,150862.0,0
1926,97,1,573281.0,0
62120,100,1,496237.0,0
37846,384,2,908344.0,0
42574,106,2,392337.0,0
30946,2,16,6076051.0,0
76510,703,2,410278.0,0
91523,516,3,3651913.0,0
13273,1644,1,341811.0,3
60736,607,1,222080.0,0
72815,202,3,3625672.0,0
94322,302,1,153458.0,0
68985,139,4,1105274.0,0
85377,336,3,1215878.0,0
89537,542,2,781539.0,0
94314,1084,1,401800.0,3
86428,459,2,510568.0,0
34352,532,3,890421.0,0
16853,183,1,239963.0,0
62229,66,5,2883308.0,0
79746,686,3,867082.0,0
28477,58,2,322484.0,0
16598,98,1,179302.0,0
7009,743,2,2266271.0,0
24236,1,3,4230578.0,0
10091,202,2,1713917.0,0
87635,357,2,394503.0,0
12316,274,3,3094041.0,0
29746,488,1,238332.0,0
41889,325,5,1978020.0,0
67113,652,1,423363.0,0
67479,135,6,2216119.0,0
22080,547,2,184308.0,0
95642,229,2,340961.0,0
34833,150,5,2893728.0,0
62604,1009,1,179249.0,3
84563,998,1,1563159.0,3
475,111,7,2006785.0,0
56863,305,4,1113833.0,0
45591,629,2,455832.0,0
63166,48,8,11463765.0,0
23066,553,1,416388.0,0
45229,39,2,1419174.0,0
36756,82,7,4239343.0,0
82249,339,6,1743478.0,0
76658,423,4,3384911.0,0
42537,151,2,714725.0,0
56966,1717,1,695060.0,3
7857,631,1,190803.0,0
38262,524,2,609371.0,0
29039,176,3,2219667.0,0
16236,300,1,218952.0,0
49878,62,3,788295.0,0
4752,511,2,2009556.0,0
88314,1877,1,230095.0,3
9340,341,1,263037.0,0
10628,931,2,1784549.0,3
16139,462,2,372361.0,0
43477,174,1,249674.0,0
43495,28,1,372799.0,0
14697,98,4,910984.0,0
61363,52,5,3730588.0,0
25738,200,1,648402.0,0
82999,99,2,524404.0,0
91905,265,1,1598003.0,0
60399,254,3,790332.0,0
47239,1295,1,93988.0,3
12011,146,1,429393.0,0
34224,21,4,2031349.0,0
99233,213,4,948065.0,0
43229,1134,1,76899.0,3
57844,100,4,1841109.0,0
82675,167,4,2325090.0,0
47015,115,7,3188298.0,0
78395,366,2,712812.0,0
51645,1780,1,306563.0,3
2325,114,3,2119402.0,0
2030,237,2,837930.0,0
73409,60,1,2062747.0,0
48078,38,2,1169589.0,0
67305,9,3,711689.0,0
34930,36,5,1337478.0,0
63959,565,2,456228.0,0
50466,1685,1,150847.0,3
41249,76,24,12733337.0,1
57464,6,111,61589367.0,4
23332,1481,1,391897.0,3
31752,63,20,15090349.0,1
43838,27,58,38708636.0,4
4170,52,58,24397684.0,1
71817,67,148,86653162.0,2
85703,199,8,4601036.0,0
40161,94,16,10237578.0,0
72113,40,28,15844028.0,1
2805,165,9,2983419.0,0
6970,363,4,2370745.0,0
91297,59,16,7006033.0,0
72182,23,31,13920741.0,1
46601,22,73,37525308.0,4
49613,29,36,12891348.0,1
32857,37,72,29789853.0,4
8775,97,8,3169249.0,0
37367,53,14,9987231.0,0
77228,29,39,19718579.0,1
1097,90,8,4294906.0,0
72736,95,30,22055701.0,1
55389,6,288,170192956.0,2
84109,24,47,25831732.0,1
392,455,4,1104470.0,0
72485,6,103,63745111.0,4
5912,28,50,22196192.0,1
80102,43,73,45048708.0,4
27457,12,61,25875712.0,1
72468,58,30,12126981.0,1
97307,32,61,40745001.0,4
16677,1110,1,956445.0,3
9037,66,12,5515403.0,0
39813,47,52,25233977.0,1
3771,579,3,595586.0,0
5257,16,87,57042405.0,4
83104,348,4,3943745.0,0
51625,18,51,37219139.0,1
1240,1064,2,784191.0,3
56262,15,69,33521231.0,4
77150,229,8,3313053.0,0
99813,95,21,22279650.0,1
424,11,92,42538286.0,4
45912,68,31,24871394.0,1
72565,0,88,53248728.0,4
51572,142,14,8954149.0,0
16752,49,33,14141959.0,1
99268,33,45,27078833.0,1
62663,44,38,26973852.0,1
83593,905,2,1703640.0,3
66085,35,96,46667319.0,4
41837,49,40,20705173.0,1
68797,125,3,2259420.0,0
53000,17,41,19887380.0,1
40916,35,20,19089668.0,1
43919,42,9,6727663.0,0
16326,48,8,5798890.0,0
17354,124,11,12639743.0,0
79334,27,66,28921914.0,1
33052,90,3,4600235.0,0
59796,471,4,1402136.0,0
89116,35,22,23627910.0,1
1964,86,12,4301691.0,0
87397,62,36,20856480.0,1
28637,62,28,15145339.0,1
88386,297,3,6534046.0,0
36851,125,5,1402240.0,0
13231,17,31,15620054.0,1
54718,71,16,18157136.0,1
10427,83,13,5330959.0,0
51371,37,58,43627091.0,4
76982,56,29,16437622.0,1
81833,34,58,24719161.0,1
79136,1815,1,465418.0,3
22527,1974,1,546034.0,3
67086,362,5,2498395.0,0
77882,10,53,18382696.0,1
15602,21,164,70195834.0,4
31762,47,75,34859206.0,4
54157,202,6,4034314.0,0
21001,3,247,135634434.0,2
39880,173,5,2025085.0,0
23989,158,9,3500044.0,0
59742,50,41,25979155.0,1
79750,1,99,46280952.0,4
4843,178,10,2823556.0,0
26316,50,87,51075369.0,4
70160,22,32,17296448.0,1
32075,55,20,8361758.0,0
80896,138,13,7190910.0,0
12883,8,115,45080557.0,4
57169,151,9,4536509.0,0
80243,7,50,32565624.0,1
50685,166,4,1812393.0,0
75620,61,21,9239870.0,0
60752,90,19,8817586.0,0
54822,19,51,30742240.0,1
31186,25,34,22560344.0,1
30019,26,42,21173146.0,1
27930,37,22,11173398.0,1
51771,1230,1,265615.0,3
78896,28,51,24812889.0,1
83280,209,6,3438635.0,0
22188,73,12,5007039.0,0
82543,112,8,2662369.0,0
2811,32,57,29655806.0,1
56783,186,2,2142595.0,0
40163,72,5,1499110.0,0
31678,49,41,28199063.0,1
15007,53,16,5749591.0,0
42976,48,15,5016648.0,0
39923,145,8,4629668.0,0
47759,551,4,1265466.0,0
2791,79,18,10705854.0,0
44778,76,28,12807749.0,1
42338,13,26,17604784.0,1
24362,84,22,14881351.0,1
63853,89,9,6598759.0,0
80791,28,23,13685158.0,1
58388,77,22,11166473.0,1
80152,137,5,15259213.0,0
93636,173,4,1915164.0,0
29472,8,58,41112821.0,4
45730,10,34,32473151.0,1
73405,23,41,25486873.0,1
62940,103,5,1307324.0,0
25378,11,22,8359094.0,1
26080,75,7,1347081.0,0
83048,31,43,29566043.0,1
63819,98,18,6457680.0,0
36709,231,6,4125016.0,0
23099,1,63,34961490.0,4
7496,22,17,10013968.0,0
73102,16,14,7461651.0,0
72606,4,72,23037847.0,1
29268,63,12,2774492.0,0
66655,171,6,5393309.0,0
15842,1728,1,248642.0,3
36982,90,18,9847616.0,0
58003,35,63,30380699.0,1
70561,26,17,15595768.0,1
75529,49,48,28478249.0,1
79200,679,1,201249.0,0
60797,54,23,6636380.0,0
46641,74,15,7980584.0,0
38293,27,75,30068983.0,4
7439,68,22,10970506.0,1
62301,36,33,18086382.0,1
74370,20,21,9131126.0,1
79613,81,5,3934037.0,0
45537,3,33,19850796.0,1
59303,70,11,4837665.0,0
64952,105,14,7848876.0,0
46656,150,10,2945549.0,0
30281,7,88,48535498.0,4
76221,521,2,2441852.0,0
94550,6,200,95297177.0,2
20599,106,16,19356825.0,1
57956,4,31,13369367.0,1
83082,137,7,3716186.0,0
22083,27,23,10930833.0,1
59932,12,21,13603939.0,1
13103,611,3,676450.0,0
89150,711,2,1018126.0,0
13613,376,2,402594.0,0
65398,91,8,2421581.0,0
89930,1945,1,349008.0,3
87991,14,18,9396547.0,0
5064,83,3,643165.0,0
988,124,3,873915.0,0
69323,83,21,10856082.0,1
15797,226,6,1827425.0,0
27605,75,5,3053435.0,0
79069,72,5,2421214.0,0
73788,400,4,1199684.0,0
53252,86,19,4612908.0,0
33291,140,13,7788267.0,0
28295,99,7,3283091.0,0
72424,19,13,4775400.0,0
35634,695,3,610151.0,0
44548,1362,1,179230.0,3
17515,156,4,1015903.0,0
63415,86,11,7411687.0,0
249,981,2,947467.0,3
34503,1791,1,477667.0,3
56099,104,7,3154427.0,0
97137,62,6,2541050.0,0
15408,154,8,4571410.0,0
4511,95,4,681829.0,0
10349,963,2,2245537.0,3
41088,172,11,5015276.0,0
15851,43,20,7642895.0,0
86369,70,7,2554663.0,0
19514,82,10,3835884.0,0
14020,409,3,1054079.0,0
2099,349,3,3064440.0,0
15830,521,2,1262554.0,0
84609,242,4,1608177.0,0
53515,197,7,2088888.0,0
83783,81,4,1281452.0,0
96740,766,2,659687.0,3
53179,20,14,6756815.0,0
69479,109,7,1745290.0,0
69452,2087,1,203280.0,3
33206,360,6,8057016.0,0
2921,1912,1,241140.0,3
14065,206,5,4623099.0,0
94465,51,24,12431120.0,1
24551,519,4,1317025.0,0
91156,211,9,3239077.0,0
95740,1742,1,450586.0,3
42258,415,4,1188146.0,0
86873,370,2,622984.0,0
27888,547,1,4506931.0,0
22377,442,4,1282718.0,0
51622,414,5,3387663.0,0
65312,179,4,1458599.0,0
76058,365,3,554550.0,0
99061,165,4,1783733.0,0
80183,262,5,3067952.0,0
34603,420,2,1456572.0,0
35671,44,11,2774291.0,0
34978,329,1,2112041.0,0
95975,1040,1,567269.0,3
88231,1266,1,435823.0,3
76476,37,18,6724251.0,0
18787,672,2,558539.0,0
51555,754,1,1389666.0,0
9825,370,2,549208.0,0
56329,1093,1,159018.0,3
26216,728,1,315160.0,0
41154,1583,1,849424.0,3
86677,184,4,1322780.0,0
83660,378,2,281381.0,0
70302,885,2,409288.0,3
70106,354,5,2500933.0,0
7832,994,1,2491479.0,3
13392,225,4,5894590.0,0
43946,1800,1,710530.0,3
86426,328,1,174565.0,0
83761,167,2,1549722.0,0
49809,109,3,493464.0,0
97544,46,32,15678956.0,1
33657,50,42,20820173.0,1
1901,38,9,2578542.0,0
44916,1,33,17164738.0,1
8269,13,19,6203184.0,0
54510,48,7,2212045.0,0
535,65,39,28724869.0,1
89803,19,23,10030150.0,1
82111,106,6,1762496.0,0
92456,65,27,12376149.0,1
90122,158,6,2651661.0,0
72401,119,5,1587680.0,0
54917,254,4,1230572.0,0
6102,89,11,7470906.0,0
40696,63,15,5680576.0,0
3990,31,47,21307894.0,1
6134,116,20,9375283.0,0
32381,76,27,25714377.0,1
15815,40,20,18613486.0,1
4810,35,46,24436497.0,1
8603,46,10,9116093.0,0
97962,234,2,374978.0,0
77665,21,7,2845158.0,0
52401,173,6,4662955.0,0
37457,213,5,1522299.0,0
71561,37,27,10566629.0,1
68159,148,9,3381365.0,0
23324,41,37,26626814.0,1
13671,242,2,934913.0,0
16807,29,44,16176082.0,1
1395,53,32,19588849.0,1
64801,1,52,24991601.0,1
14708,12,17,5118195.0,0
14909,42,18,11166351.0,1
94318,12,104,43633752.0,4
22199,96,10,2761634.0,0
35125,490,2,879539.0,0
40846,137,2,780144.0,0
67157,5,16,8065512.0,0
16610,78,5,1756986.0,0
3698,46,11,3823742.0,0
97376,142,10,3820059.0,0
50205,29,18,9613825.0,0
3732,114,12,4597135.0,0
98815,338,4,904221.0,0
5916,3,103,48004486.0,4
16377,14,21,12360388.0,1
36223,24,34,14126076.0,1
43151,0,46,32515224.0,1
70728,18,70,32692417.0,4
9585,9,26,13772092.0,1
90156,45,39,25731360.0,1
15058,369,7,1391833.0,0
87638,299,2,1696036.0,0
30111,49,25,9280860.0,1
54263,25,32,22448200.0,1
78953,31,6,2186056.0,0
42036,0,132,59220342.0,4
75572,34,70,29712975.0,1
3472,497,4,1669411.0,0
37992,68,24,12542389.0,1
50369,44,4,1302669.0,0
4428,21,22,13780640.0,1
21645,2,27,18363656.0,1
42581,15,13,14145961.0,1
69444,109,12,6569084.0,0
9662,10,42,23900543.0,1
7827,3,33,17066826.0,1
93325,85,3,1201906.0,0
27211,21,11,3071192.0,0
55946,16,7,5781614.0,0
19242,29,4,1517181.0,0
49887,11,10,2653700.0,0
27421,33,265,163512484.0,2
78473,33,12,4154240.0,0
81783,27,17,13762393.0,1
60865,9,19,6415059.0,0
67631,0,59,27721312.0,1
69944,257,1,196115.0,0
90479,45,45,21455607.0,1
61707,154,5,1315214.0,0
21958,27,142,80473607.0,4
22790,36,5,1748630.0,0
38423,7,15,5698076.0,0
20390,269,5,2197312.0,0
57794,13,14,8880806.0,0
91510,3,108,47091686.0,4
88202,15,13,8263992.0,0
96824,38,4,786108.0,0
15555,27,5,3302912.0,0
34944,45,10,7473489.0,0
98278,333,4,4237887.0,0
61404,15,4,5578249.0,0
18957,75,8,5794402.0,0
25659,18,5,6694546.0,0
1912,47,21,8177741.0,0
11081,219,5,2376940.0,0
94302,165,7,3172802.0,0
67663,58,35,22330667.0,1
93639,93,9,3639816.0,0
99127,10,2,3065677.0,0
94336,14,8,4306722.0,0
68498,149,4,3447249.0,0
68788,1,4,2508895.0,0
61891,68,3,449763.0,0
60876,1307,1,1944996.0,3
12536,55,20,13701278.0,1
76757,38,31,10329260.0,1
79931,10,50,26311894.0,1
8036,1,327,172195202.0,2
79372,14,7,1866759.0,0
18147,288,7,4552743.0,0
20301,166,11,3763931.0,0
92329,1315,1,245902.0,3
22059,0,8,1703054.0,0
65069,3,137,73953671.0,4
68553,19,68,51582812.0,4
35280,106,4,1289529.0,0
19532,272,3,2812577.0,0
56976,47,26,16656059.0,1
34898,105,1,764442.0,0
33588,104,1,533129.0,0
57775,365,2,1230714.0,0
61489,53,52,28979888.0,1
13535,39,25,18034770.0,1
36293,60,101,54025590.0,4
34842,53,4,1523604.0,0
60333,70,8,2941434.0,0
85954,11,124,70428180.0,4
91723,16,77,38304267.0,4
81238,15,24,6093024.0,0
99773,29,19,10608863.0,1
33707,115,2,3500493.0,0
90528,14,22,17112663.0,1
80943,231,1,414170.0,0
96423,13,126,80124766.0,4
48739,56,113,67019586.0,4
52123,33,103,62018683.0,4
14758,23,13,8907572.0,0
72959,27,40,20336487.0,1
61421,58,10,8616632.0,0
2895,67,9,2802862.0,0
63814,51,7,6684102.0,0
82770,74,14,5016852.0,0
80429,285,8,5515262.0,0
7079,38,6,1584646.0,0
39660,9,97,45910874.0,4
60647,2,48,22281968.0,1
81225,223,2,530816.0,0
84306,30,25,13635039.0,1
92676,12,22,7066202.0,0
593,15,67,33737197.0,4
28001,33,24,11102478.0,1
53172,107,3,2026732.0,0
16407,56,12,5075032.0,0
74420,1195,1,461858.0,3
57904,161,12,7025263.0,0
64825,541,1,228616.0,0
29075,25,11,4028346.0,0
92699,77,18,15318278.0,1
87317,71,12,4830913.0,0
92108,9,57,30951190.0,1
77768,55,19,6313221.0,0
1488,24,26,20686469.0,1
70759,71,5,2116630.0,0
69927,80,13,6360802.0,0
4615,108,3,1119381.0,0
8702,84,8,4121457.0,0
99573,34,50,33456575.0,1
41687,7,77,47783977.0,4
21175,158,5,2111213.0,0
19839,7,30,15907776.0,1
77221,16,36,19379442.0,1
8120,0,24,14621331.0,1
2845,1,10,3838352.0,0
76961,0,72,46359913.0,4
81432,34,47,37192040.0,1
66562,11,11,5042443.0,0
39439,125,4,1878274.0,0
59003,8,25,13168472.0,1
5470,26,6,6685776.0,0
121,1,43,17301827.0,1
56587,186,10,4488730.0,0
27876,71,15,7414074.0,0
44614,307,6,2001763.0,0
35739,508,2,340961.0,0
78961,3,9,2451205.0,0
58088,50,38,22056871.0,1
66972,55,12,9978401.0,0
83555,4,6,1758203.0,0
21813,80,9,2875499.0,0
41673,19,17,15687450.0,1
41422,29,18,4292516.0,0
84938,89,3,656515.0,0
32523,46,18,14307391.0,1
96958,295,5,5925736.0,0
4745,19,34,12610790.0,1
42050,35,9,9710285.0,0
81006,76,8,6064402.0,0
45056,1061,2,350438.0,3
41942,56,11,6064207.0,0
67202,254,5,2342697.0,0
94353,484,2,953567.0,0
97436,246,8,4355977.0,0
55495,514,3,948876.0,0
71710,1386,1,504231.0,3
53671,498,1,444243.0,0
16773,304,2,628834.0,0
92131,874,1,1249332.0,3
70298,489,2,1114964.0,0
59779,261,3,930682.0,0
4225,82,11,3631526.0,0
23183,81,4,1967253.0,0
40155,21,16,7881062.0,0
51141,1471,1,1964582.0,3
65528,107,10,2963508.0,0
96750,133,8,4218213.0,0
24534,137,4,1073509.0,0
57673,43,5,1564183.0,0
22423,308,3,595512.0,0
16525,34,5,3204012.0,0
897,41,4,978276.0,0
66346,59,5,5771805.0,0
73047,747,2,573998.0,0
34260,1497,1,134765.0,3
97911,147,2,650662.0,0
46255,43,6,6240351.0,0
45633,1711,1,144077.0,3
41190,469,4,6969029.0,0
37479,403,3,704404.0,0
61604,402,3,1063336.0,0
83742,83,2,518590.0,0
52231,40,5,1406588.0,0
77532,192,1,200297.0,0
70753,707,3,1074381.0,0
83248,262,2,1053075.0,0
88812,31,3,851560.0,0
12681,125,4,2551893.0,0
64726,994,1,616567.0,3
91269,311,3,2308329.0,0
76660,7,3,1054584.0,0
89649,1,1,207456.0,0
61939,750,2,306815.0,0
37563,0,6,1563481.0,0
87058,4,6,4529118.0,0
59517,243,3,1607928.0,0
34128,0,8,3718478.0,0
16743,223,2,559802.0,0
19196,425,1,533759.0,0
55038,201,3,1940626.0,0
91883,76,3,386334.0,0
18815,44,10,13624790.0,0
93321,501,2,415058.0,0
49649,334,3,771761.0,0
74933,108,5,1682212.0,0
71099,33,10,7671560.0,0
67507,42,17,8806675.0,0
23970,360,6,2308003.0,0
50919,118,8,4512854.0,0
45632,128,6,1945017.0,0
76507,64,10,4429584.0,0
18362,36,17,7665951.0,0
66447,70,10,4070330.0,0
26859,30,10,6568070.0,0
74283,136,6,1874750.0,0
99146,109,5,2929959.0,0
7485,268,2,488970.0,0
6245,671,1,1184531.0,0
117,31,8,2446667.0,0
49513,220,4,2006266.0,0
46209,113,8,3584926.0,0
85198,17,18,10196391.0,0
70546,12,3,1249500.0,0
28264,266,6,8061270.0,0
21365,115,8,4383644.0,0
94748,49,3,975407.0,0
65115,31,17,6291248.0,0
89659,31,17,8792873.0,0
70725,10,10,3475393.0,0
49322,539,1,101359.0,0
47420,117,3,598624.0,0
84901,208,3,661984.0,0
62057,434,2,736199.0,0
92187,253,2,2199916.0,0
16058,147,9,5042821.0,0
63922,891,2,1106538.0,3
6248,99,7,2606469.0,0
50692,97,3,855940.0,0
3171,31,9,4228483.0,0
5713,335,4,987454.0,0
59318,833,1,553703.0,3
97735,16,3,751157.0,0
56642,405,5,2154954.0,0
37194,363,5,1467776.0,0
38300,60,2,533745.0,0
74170,231,2,476977.0,0
49131,87,3,680404.0,0
75598,69,2,2156309.0,0
2509,381,3,767438.0,0
67668,223,5,1596367.0,0
98837,1702,1,314812.0,3
1721,97,1,837814.0,0
42097,1,1,166607.0,0
63665,1,1,170088.0,0
76776,93,10,4713302.0,0
77617,74,2,512050.0,0
78984,1829,1,287054.0,3
68519,250,3,1402942.0,0
58420,548,1,1988053.0,0
9557,184,8,2392542.0,0
5416,15,11,3881256.0,0
74613,201,8,2113265.0,0
9230,228,2,433087.0,0
93643,480,1,139080.0,0
60946,612,1,269449.0,0
32611,10,4,1777097.0,0
33011,19,3,1835872.0,0
60413,31,5,2843059.0,0
29333,253,2,345423.0,0
72411,3,3,1096343.0,0
26061,982,2,485960.0,3
43343,470,1,368683.0,0
6676,1071,1,497798.0,3
15561,183,3,2196812.0,0
59273,137,2,476569.0,0
24590,490,1,662786.0,0
35800,60,5,1532191.0,0
13659,1597,1,106561.0,3
17976,99,1,317568.0,0
7690,952,1,284866.0,3
87519,25,4,842997.0,0
60957,577,1,181322.0,0
14227,237,1,328415.0,0
1315,120,12,6741716.0,0
35662,568,1,753310.0,0
41171,375,1,297275.0,0
44859,593,2,782429.0,0
25840,372,3,662490.0,0
37946,1051,2,2639513.0,3
83428,2091,1,1874568.0,3
47705,758,1,315210.0,0
45217,1370,1,244674.0,3
30245,137,1,147897.0,0
43878,75,1,150265.0,0
4630,262,7,2793943.0,0
80588,155,12,5956782.0,0
18383,22,43,23381912.0,1
48943,57,49,27219050.0,1
49886,917,2,1097691.0,3
8351,75,18,5095041.0,0
64310,49,72,39444809.0,4
95018,50,26,13681119.0,1
16737,31,55,26689572.0,1
82321,101,18,5505781.0,0
32988,182,10,3205796.0,0
62228,251,3,631003.0,0
36722,124,6,2596810.0,0
18077,0,37,18663215.0,1
25075,121,6,2455880.0,0
22890,39,25,8545323.0,1
9525,50,7,4099377.0,0
23807,49,85,41821144.0,4
61083,551,2,732167.0,0
20761,49,33,18229860.0,1
88210,556,2,1262346.0,0
93249,6,70,37119144.0,4
42249,1111,1,252655.0,3
46362,4,39,14494280.0,1
46421,8,26,19710658.0,1
62462,12,112,55311035.0,4
55516,20,33,13381975.0,1
73284,60,178,111262983.0,2
22320,59,106,51765906.0,4
3747,47,116,66493348.0,4
25448,180,10,6875548.0,0
65737,334,5,1263971.0,0
91961,300,6,3184819.0,0
92012,58,87,44313976.0,4
90787,74,15,14627108.0,1
97869,4,21,10925090.0,1
87386,6,29,21134138.0,1
64208,371,2,719893.0,0
33804,71,26,8648648.0,1
75587,21,146,69686520.0,4
81256,76,5,1617442.0,0
4197,41,64,27550673.0,1
61203,290,5,2558971.0,0
3188,10,46,29538138.0,1
83706,40,9,5160963.0,0
57809,3,44,25929180.0,1
46781,13,31,14276827.0,1
54771,1091,1,591470.0,3
45399,499,2,721486.0,0
32466,39,27,14360214.0,1
58824,141,9,4530211.0,0
55348,32,28,12583615.0,1
35743,29,32,12317135.0,1
96651,153,9,5471149.0,0
20134,272,4,1335725.0,0
33611,155,7,5894276.0,0
45225,45,82,39214533.0,4
94708,71,12,12576906.0,0
722,294,6,2876876.0,0
74961,126,5,2270926.0,0
99816,336,3,798880.0,0
94186,50,19,8993128.0,0
22580,1,102,55226779.0,4
39470,20,75,32576680.0,4
63163,7,42,29429665.0,1
15497,258,12,3636630.0,0
41654,40,62,26658861.0,1
46524,146,12,9408807.0,0
78705,1068,2,1143695.0,3
63702,9,73,34662477.0,4
52736,82,14,4956910.0,0
70266,392,3,998260.0,0
12621,55,38,24951848.0,1
59978,158,11,3851356.0,0
89120,75,59,36619570.0,4
39344,234,8,5095429.0,0
24879,10,52,25108605.0,1
65395,54,27,13588902.0,1
9836,54,92,38405936.0,4
30345,359,4,1326369.0,0
2627,54,11,11065763.0,0
33311,16,42,24173645.0,1
17102,138,8,11219209.0,0
88349,628,2,425459.0,0
71039,68,15,7931660.0,0
25125,49,55,37230812.0,1
32830,97,15,5196519.0,0
88105,83,15,9292609.0,0
12616,21,28,16317307.0,1
80106,82,21,13562168.0,1
67875,7,43,23994233.0,1
55969,7,26,13304667.0,1
11004,233,7,1893564.0,0
73855,4,56,26502022.0,1
37256,101,14,6942281.0,0
65279,138,9,2471926.0,0
33889,90,12,13053780.0,0
16344,28,36,24774785.0,1
92832,135,7,1784654.0,0
20381,153,8,2749257.0,0
28581,104,9,3258911.0,0
63284,135,4,1567518.0,0
15769,137,4,951102.0,0
20120,107,5,1819202.0,0
27018,153,7,3848269.0,0
10640,17,16,7546179.0,0
74969,73,18,11613966.0,1
12729,82,12,6955570.0,0
53802,49,18,6585446.0,0
92744,28,84,46554015.0,4
61863,53,14,6415637.0,0
92285,118,15,4867454.0,0
31811,446,4,1716175.0,0
16791,82,8,9391906.0,0
32634,84,141,80482407.0,4
84051,41,24,11776067.0,1
51081,5,75,34315881.0,4
89081,78,19,11169326.0,1
96686,899,2,599688.0,3
3213,45,11,11173502.0,0
17881,38,16,6320782.0,0
58375,4,47,25064995.0,1
44893,135,22,6015410.0,0
15965,11,33,16514295.0,1
12304,2161,1,1304200.0,3
35375,36,25,9984298.0,1
30061,54,19,16809444.0,1
77218,61,31,19333927.0,1
92401,44,28,11800378.0,1
73270,110,16,8366068.0,0
82391,53,61,28619366.0,1
22859,59,9,5263864.0,0
78668,47,149,59700508.0,4
74258,741,2,1531246.0,0
55892,77,15,9076438.0,0
82952,6,56,29253033.0,1
25293,148,13,4157653.0,0
69999,125,10,3460657.0,0
25010,83,4,2654173.0,0
24939,174,4,1421233.0,0
84447,283,3,3538456.0,0
90622,135,5,2158605.0,0
25286,27,42,34366375.0,1
50305,224,3,757045.0,0
97331,497,3,3343337.0,0
9869,83,20,6027185.0,0
9239,52,45,28618581.0,1
39525,370,4,1521739.0,0
82776,188,4,1346436.0,0
41153,91,7,6180502.0,0
41621,64,3,1658975.0,0
92952,519,4,1167408.0,0
76366,182,5,2734636.0,0
20384,182,2,398299.0,0
74018,59,6,4044693.0,0
86537,123,3,772728.0,0
30635,375,2,1215781.0,0
23557,104,16,9742616.0,0
66151,223,3,1879020.0,0
64938,616,3,1730642.0,0
1981,494,5,1146340.0,0
81551,640,2,623538.0,0
51512,245,8,4436534.0,0
10100,416,3,1034193.0,0
99567,795,2,1661934.0,3
46958,192,8,2715388.0,0
19424,465,3,1780613.0,0
31147,200,7,2147399.0,0
82860,175,8,3312330.0,0
33941,1007,1,217702.0,3
104,62,16,4398240.0,0
90090,540,3,5288228.0,0
37077,93,4,2199339.0,0
11965,82,10,4556135.0,0
32753,965,2,6950745.0,3
66011,475,4,1538457.0,0
72301,62,15,6402783.0,0
39867,617,1,350107.0,0
22115,237,3,1212415.0,0
18005,1728,1,276018.0,3
94488,398,3,1651918.0,0
68743,685,1,363762.0,0
97433,283,1,350470.0,0
75916,423,3,762729.0,0
91345,105,5,1287680.0,0
88211,432,5,1111909.0,0
47788,493,3,1817885.0,0
31445,181,4,1227507.0,0
46583,558,2,1495549.0,0
10736,1812,1,184463.0,3
49991,245,3,1266706.0,0
65317,679,3,581506.0,0
10505,408,5,1403264.0,0
27950,1271,1,166922.0,3
85997,987,2,487876.0,3
27227,641,2,1617213.0,0
46412,108,6,2389213.0,0
28529,137,4,1458025.0,0
72643,289,4,858062.0,0
93853,471,3,2355795.0,0
70249,119,6,3472313.0,0
2863,705,1,192772.0,0
62192,1554,1,314969.0,3
69184,330,1,208299.0,0
33244,1042,1,283065.0,3
98880,279,4,1540978.0,0
12455,1835,1,102973.0,3
91439,1094,1,1375642.0,3
56441,591,3,1908149.0,0
68867,1393,1,526430.0,3
99586,390,1,96159.0,0
54734,410,4,922817.0,0
21082,813,2,699056.0,3
86460,219,3,1672839.0,0
58021,95,9,3055692.0,0
73078,169,4,1816225.0,0
48371,19,14,5641130.0,0
75625,470,3,1019225.0,0
22342,360,4,1562457.0,0
21900,42,36,15636666.0,1
50111,209,5,2644955.0,0
11476,1057,1,181752.0,3
78046,24,19,9630776.0,0
31532,18,14,6216735.0,0
73924,26,12,8114781.0,0
44553,37,9,2580971.0,0
87051,267,4,982049.0,0
18904,115,18,7505293.0,0
98393,80,17,7327675.0,0
77276,8,99,70221712.0,4
73261,129,5,1794608.0,0
71207,7,78,34023139.0,4
99550,53,51,31659527.0,1
27938,31,91,38260743.0,4
23453,111,17,6267335.0,0
71389,2,171,87364604.0,2
53592,97,9,4851736.0,0
5777,94,24,12822123.0,1
73565,136,5,1315612.0,0
19607,85,8,4622000.0,0
52798,20,19,8937141.0,0
7600,195,8,2621712.0,0
40585,21,70,34152841.0,4
18907,134,6,5403782.0,0
84247,49,77,45133040.0,4
92613,59,33,24211009.0,1
22089,192,7,3212519.0,0
90987,9,24,10514639.0,1
96777,1,30,14001297.0,1
85975,22,7,3803292.0,0
12752,9,44,19114703.0,1
91042,828,2,3421419.0,3
50464,34,14,7041864.0,0
97524,707,1,216981.0,0
16447,56,27,14883335.0,1
47846,89,11,5528420.0,0
20557,9,22,11701553.0,1
39279,20,12,8452217.0,0
19127,17,11,5155218.0,0
22241,1,30,14187244.0,1
2032,41,4,1326599.0,0
71491,32,5,1169949.0,0
67282,42,4,4060223.0,0
14665,2066,1,882837.0,3
95518,139,6,7031352.0,0
39741,670,2,725430.0,0
54860,30,33,20686220.0,1
46254,38,23,6451436.0,0
76810,67,19,5651284.0,0
2054,86,4,1968865.0,0
74624,56,6,6387082.0,0
17732,479,4,2041950.0,0
44850,53,28,22878550.0,1
72031,21,18,10526735.0,1
30506,82,6,9225539.0,0
3329,22,10,4319225.0,0
9740,93,4,1524044.0,0
51804,108,6,2812002.0,0
3800,56,15,7565753.0,0
75419,36,13,9086924.0,0
66416,159,13,6012800.0,0
28313,72,38,18206106.0,1
87762,194,11,4757747.0,0
82480,48,14,6811855.0,0
34529,132,7,4657181.0,0
70331,158,13,7156525.0,0
77395,23,20,7527059.0,0
73152,1533,1,1098713.0,3
54424,0,99,38242061.0,4
40178,207,6,2527891.0,0
38874,25,14,6044737.0,0
49126,187,8,6766370.0,0
80751,9,30,12885325.0,1
72097,119,4,1559609.0,0
12943,3,6,2409824.0,0
96139,9,3,738283.0,0
84026,11,20,7125583.0,0
8594,20,41,29585049.0,1
83548,29,10,2178704.0,0
76002,11,39,21467933.0,1
95330,12,24,16444133.0,1
80867,32,14,5299799.0,0
41196,70,24,11945424.0,1
71730,35,7,3152953.0,0
85036,25,9,3687970.0,0
72825,12,37,21039575.0,1
91315,21,5,1978058.0,0
22246,35,4,1886859.0,0
7487,37,3,1109725.0,0
945,25,53,35342577.0,1
20377,46,3,826015.0,0
82955,2,3,746310.0,0
51868,3,25,12238966.0,1
65773,16,7,2697595.0,0
56770,66,3,1354266.0,0
1785,638,3,772914.0,0
3591,14,34,12653156.0,1
62857,31,5,1398098.0,0
39930,20,9,7101895.0,0
92445,90,29,10502403.0,1
55325,132,5,1326636.0,0
51600,62,8,2070126.0,0
65665,7,6,1839984.0,0
75308,55,7,7490423.0,0
95510,23,31,11999190.0,1
71499,130,4,3002439.0,0
3124,16,20,11863594.0,1
86108,84,2,1792165.0,0
16733,6,41,30679183.0,1
30137,132,12,4649546.0,0
27376,206,2,608190.0,0
93072,70,17,7431823.0,0
75243,117,1,171014.0,0
102,4,3,861715.0,0
10942,37,12,6378544.0,0
36148,13,11,2801371.0,0
34562,3,34,22215391.0,1
30794,15,28,19293214.0,1
6341,130,10,5317106.0,0
6173,55,19,13033210.0,1
33848,108,14,6130213.0,0
76115,88,9,9418013.0,0
35819,39,22,9027463.0,1
72412,21,1,345317.0,0
84979,342,6,2161913.0,0
19947,57,18,12967088.0,1
86457,11,27,17763074.0,1
971,871,2,289770.0,3
61892,0,6,1393972.0,0
55040,0,6,2277958.0,0
41972,1,20,12345853.0,1
978,1,120,63095038.0,4
47366,29,47,23576741.0,1
79379,729,1,207239.0,0
64565,94,15,5415768.0,0
21475,1,11,3800350.0,0
88424,14,3,1390427.0,0
19215,6,109,54964560.0,4
2202,327,4,3625594.0,0
24904,104,7,2351863.0,0
31029,29,23,10721937.0,1
55901,196,5,1058710.0,0
29529,1021,1,29809.0,3
52818,36,17,6788133.0,0
39996,176,8,6558093.0,0
98214,60,22,12969129.0,1
74076,14,33,18636390.0,1
43032,71,21,10067584.0,1
56623,101,9,3683457.0,0
85812,11,39,14025420.0,1
24769,334,1,1872995.0,0
95768,637,2,553945.0,0
74501,114,8,2670696.0,0
79062,42,66,22255516.0,1
79900,68,10,2673171.0,0
94151,19,40,20598411.0,1
43021,30,43,20834611.0,1
24283,50,17,10163927.0,0
1952,229,5,4099094.0,0
1459,13,11,3713787.0,0
90301,9,58,22174679.0,1
55366,30,18,10059375.0,0
18544,36,11,3083914.0,0
62868,14,32,11859146.0,1
24650,44,29,14485798.0,1
87653,41,5,3548777.0,0
70267,1458,1,538494.0,3
22649,6,23,7966240.0,1
70916,19,20,7974315.0,0
62213,31,64,49028159.0,4
59476,178,6,1780085.0,0
11510,157,8,4272747.0,0
35199,30,29,14181850.0,1
29718,17,13,4968675.0,0
28765,224,1,113305.0,0
18253,23,71,44131248.0,4
20758,44,16,9511835.0,0
76026,73,8,4134771.0,0
91257,3,39,21099047.0,1
87877,32,31,13416263.0,1
83094,30,10,4391104.0,0
43735,107,16,5332667.0,0
56170,102,17,5053805.0,0
41256,73,8,3170690.0,0
62677,16,4,3095212.0,0
30255,896,1,152799.0,3
76837,7,10,5782414.0,0
28749,59,8,1873667.0,0
19459,5,15,20842785.0,1
90450,295,2,470240.0,0
16852,93,2,905435.0,0
60266,459,2,2148490.0,0
27062,371,2,1679653.0,0
30404,79,4,1446340.0,0
25511,46,23,10142712.0,1
66089,47,5,3542416.0,0
98361,175,5,3112345.0,0
80821,53,9,7458968.0,0
1629,29,10,5002927.0,0
93264,99,15,14554703.0,1
50657,62,16,8518565.0,0
37174,197,4,1804935.0,0
38869,417,2,483629.0,0
99452,44,10,3321573.0,0
33452,783,1,225922.0,3
36536,114,3,3404499.0,0
73685,504,1,416665.0,0
53078,110,6,1350536.0,0
1351,44,4,3075965.0,0
66195,525,1,229827.0,0
63424,14,14,11377138.0,0
88373,205,4,3641340.0,0
93975,9,12,8258459.0,0
32436,35,8,4959281.0,0
69541,113,1,444336.0,0
79500,42,8,3551353.0,0
87388,106,3,1045498.0,0
82892,80,6,3367432.0,0
62128,14,2,1048417.0,0
9435,75,4,877179.0,0
62129,16,11,2242928.0,0
64049,13,17,8799646.0,0
98504,53,2,1714965.0,0
49908,20,23,10505823.0,1
63794,28,6,3556798.0,0
96796,26,4,2831655.0,0
49752,33,3,2531248.0,0
27397,127,9,2536091.0,0
9397,202,4,1543512.0,0
88871,25,2,973105.0,0
73760,195,3,989865.0,0
51094,328,1,92175.0,0
71832,477,4,1655810.0,0
41460,292,4,3335004.0,0
38114,578,3,1127118.0,0
96028,57,3,2432533.0,0
93179,620,3,1318754.0,0
36621,385,2,523725.0,0
15865,54,13,5321716.0,0
30401,18,10,4728029.0,0
87340,440,2,293585.0,0
13255,1264,1,288430.0,3
45804,261,5,1349385.0,0
78921,14,3,1087666.0,0
38433,112,11,5140667.0,0
50860,1130,1,205230.0,3
32422,1457,2,431573.0,3
25019,737,3,1453667.0,0
89084,358,3,3266788.0,0
14126,1645,1,177468.0,3
74491,490,2,3097904.0,0
13362,62,5,4334111.0,0
31913,22,4,1655184.0,0
60401,167,3,1088678.0,0
98500,279,1,538266.0,0
14335,80,4,1589044.0,0
83792,158,2,1771735.0,0
44047,24,3,2104503.0,0
15540,427,2,885315.0,0
14138,62,2,1874899.0,0
36718,266,5,2787344.0,0
32687,745,2,3712459.0,0
69163,23,4,1890149.0,0
19996,792,1,132948.0,3
99078,212,9,3343767.0,0
85584,181,5,4514031.0,0
62300,156,5,1611668.0,0
9306,555,6,3512506.0,0
52694,194,9,4336189.0,0
45417,57,4,1037211.0,0
6091,754,1,678191.0,0
85668,223,1,151581.0,0
64818,163,2,233707.0,0
69205,153,8,6479947.0,0
37924,726,2,537835.0,0
8399,1233,1,211580.0,3
34526,900,1,464746.0,3
9244,625,3,1010628.0,0
65102,12,4,1623172.0,0
30237,2145,1,1958012.0,3
24456,178,2,1337127.0,0
63710,546,1,192787.0,0
97131,465,2,610676.0,0
1002,248,2,365756.0,0
42201,532,1,188612.0,0
79674,307,3,1669541.0,0
92257,978,1,1236362.0,3
28654,248,2,1013042.0,0
53023,253,2,3167091.0,0
12997,343,1,263245.0,0
27918,483,1,326341.0,0
69557,175,1,221433.0,0
91688,12,3,2271450.0,0
57866,134,1,231441.0,0
97216,61,2,261663.0,0
72192,476,2,1630063.0,0
45001,14,1,139985.0,0
98397,613,3,494361.0,0
74894,139,1,122325.0,0
86855,756,1,73045.0,0
57369,25,2,648004.0,0
41333,323,2,942691.0,0
60973,2209,1,185196.0,3
26405,787,1,446232.0,3
58267,189,5,2496001.0,0
74839,649,1,108963.0,0
49932,440,1,2534034.0,0
51150,290,3,246996.0,0
79013,207,1,509766.0,0
18961,105,21,7507166.0,0
39520,53,24,11245312.0,1
82110,36,111,82643546.0,4
29482,28,62,26067395.0,1
91678,53,21,13382135.0,1
92078,183,6,2841548.0,0
8734,211,9,5835874.0,0
23073,734,2,2033202.0,0
47254,104,5,3226138.0,0
84504,84,9,6496650.0,0
41364,5,69,36255365.0,4
43253,7,45,21986895.0,1
41085,371,2,391917.0,0
49426,53,44,24478006.0,1
35815,175,11,15126651.0,0
46349,46,29,13639381.0,1
81582,10,144,78947984.0,4
36261,2156,1,372455.0,3
95741,2,58,23642218.0,1
90580,21,96,43533775.0,4
49104,56,20,9964087.0,1
49863,183,8,6705957.0,0
98925,14,36,17799996.0,1
11036,144,5,2558259.0,0
49987,6,56,22228567.0,1
25304,1,86,46405547.0,4
66177,71,16,7999279.0,0
22193,158,7,6034063.0,0
89286,62,31,18940245.0,1
61002,88,19,7385415.0,0
70627,7,66,36986031.0,4
46018,4,119,53662433.0,4
66713,373,2,816831.0,0
41062,22,22,9632746.0,1
63670,124,6,8361043.0,0
24045,22,64,29414594.0,1
7543,727,1,204668.0,0
83272,13,346,186200597.0,2
35627,0,352,171156042.0,2
93505,102,9,3351498.0,0
37636,1,178,101101348.0,2
87160,21,57,30613812.0,1
64359,0,29,12825856.0,1
86026,75,5,2348704.0,0
1622,75,26,11387913.0,1
75562,149,5,1894309.0,0
1933,536,4,1784994.0,0
82990,78,5,4380411.0,0
9058,208,7,2431097.0,0
24822,10,33,20928641.0,1
54449,0,38,16174063.0,1
92664,4,59,25787471.0,1
61885,34,16,15075933.0,1
77024,69,9,3322389.0,0
8451,33,22,13531690.0,1
90567,0,89,43605298.0,4
7530,35,27,12512276.0,1
21486,58,6,5497447.0,0
84694,0,136,75892691.0,4
57772,60,53,30525773.0,1
35581,72,12,6403461.0,0
36537,10,87,40632601.0,4
4963,43,25,14734003.0,1
60417,30,46,37977460.0,1
90531,34,134,69032143.0,4
94629,156,10,5547679.0,0
83763,75,20,17367619.0,1
29063,243,5,1207477.0,0
2923,18,37,18557300.0,1
30951,605,3,1953060.0,0
75016,71,22,19144702.0,1
46657,37,64,30591509.0,1
31318,87,10,4274460.0,0
36209,82,10,3260270.0,0
76179,607,2,914194.0,0
11612,29,57,31305800.0,1
84060,11,80,53631110.0,4
6504,169,9,3018415.0,0
11638,77,28,15828484.0,1
40165,45,78,41967980.0,4
72235,48,6,2278680.0,0
16179,81,9,10356302.0,0
90234,75,20,12940786.0,1
84904,10,41,15564303.0,1
29170,54,30,12883121.0,1
25821,40,41,22012087.0,1
61790,100,16,6661493.0,0
68840,45,23,13035822.0,1
24286,52,58,24131629.0,1
58121,48,8,3655208.0,0
70339,23,24,13057781.0,1
96286,201,7,1917159.0,0
67063,2,45,20066632.0,1
76657,40,17,10207043.0,0
61196,18,23,9116377.0,1
80214,50,95,46932049.0,4
78548,213,5,4105692.0,0
51161,70,15,9837895.0,0
65838,29,13,11084287.0,0
99693,69,28,20118012.0,1
10308,61,72,37510124.0,4
5205,417,2,664277.0,0
16606,68,17,5203363.0,0
86557,10,78,39936074.0,4
75567,654,3,850949.0,0
44507,189,10,6025726.0,0
45101,330,2,1077749.0,0
5566,52,13,5147895.0,0
60806,39,25,9923366.0,1
34614,63,35,19936951.0,1
5066,41,34,15065711.0,1
89015,268,6,2486784.0,0
22056,33,64,50283152.0,4
32518,407,4,1013815.0,0
81678,63,113,59092187.0,4
5811,151,11,2579710.0,0
25626,9,48,19797432.0,1
63197,62,36,17089159.0,1
64426,33,106,63879412.0,4
99104,86,25,10470303.0,1
34683,185,5,946860.0,0
82736,61,27,12554902.0,1
67697,115,22,8121474.0,0
76655,67,23,11823426.0,1
63257,1,57,27031019.0,1
79418,174,8,5184658.0,0
81822,124,6,4990593.0,0
72621,34,42,19136379.0,1
33731,26,35,32984926.0,1
92290,765,3,1133982.0,0
84024,7,29,15167473.0,1
53561,7,34,29777969.0,1
1584,15,36,32277266.0,1
9891,38,65,49411040.0,4
39687,3,114,59110163.0,4
88733,45,13,8033811.0,0
40056,23,21,12500940.0,1
77053,519,2,987771.0,0
32104,128,11,4599941.0,0
9331,11,23,8682234.0,1
95046,13,46,23966903.0,1
18292,83,8,4545074.0,0
18570,41,28,12347376.0,1
21232,161,10,8177671.0,0
49156,127,11,4710251.0,0
38064,295,5,1814616.0,0
76881,1471,1,277887.0,3
15149,86,18,9701321.0,0
2087,145,9,9791049.0,0
44938,11,30,19313639.0,1
76945,366,2,479407.0,0
42956,220,5,1514039.0,0
84955,50,7,2768278.0,0
81736,943,2,998603.0,3
17415,108,13,7079090.0,0
12339,217,5,2687510.0,0
70057,83,21,7384405.0,0
32499,310,2,609862.0,0
67555,122,5,12847097.0,0
77609,278,5,1623019.0,0
17500,548,2,335513.0,0
39087,103,10,3365300.0,0
42762,1750,1,2879479.0,3
82837,393,4,1021704.0,0
46336,445,2,528935.0,0
51978,1587,1,594314.0,3
16357,41,27,8016506.0,1
8174,330,3,824211.0,0
71814,238,6,1990879.0,0
31084,191,9,3669899.0,0
71303,205,4,900086.0,0
37674,157,8,1801465.0,0
49091,224,6,1524068.0,0
57625,98,4,1333786.0,0
89680,76,7,1951407.0,0
90894,474,4,1834353.0,0
11099,197,2,314175.0,0
64832,128,16,6070269.0,0
70740,694,1,1699924.0,0
26046,79,4,2156351.0,0
61232,177,5,5139059.0,0
9890,679,1,357084.0,0
23614,25,11,9734871.0,0
71384,24,12,3981061.0,0
60106,145,6,1457606.0,0
57089,984,1,140434.0,3
43048,366,4,2583289.0,0
59319,999,2,700625.0,3
97075,353,2,540986.0,0
79985,245,7,2411644.0,0
71802,248,7,2014626.0,0
86561,722,2,8154096.0,0
49687,189,2,1277180.0,0
83089,1611,1,206306.0,3
86764,1554,1,319033.0,3
93376,92,7,2815669.0,0
55471,2017,1,113397.0,3
47591,1449,1,485176.0,3
21136,1107,1,158953.0,3
57211,252,8,3655946.0,0
61080,193,2,1582508.0,0
85269,58,6,9541998.0,0
22464,862,1,301001.0,3
69435,720,1,2752267.0,0
42306,192,2,1238528.0,0
28453,1050,1,768662.0,3
55975,893,2,1657043.0,3
95857,430,4,2283808.0,0
83993,759,2,435181.0,0
78110,567,3,928569.0,0
57985,987,1,316223.0,3
18152,351,4,4067237.0,0
16422,10,114,49923965.0,4
75453,16,61,50782185.0,4
62737,90,23,9804167.0,1
75341,36,10,15089753.0,1
28806,36,9,2744984.0,0
47202,12,21,11382878.0,1
97303,32,58,51339315.0,4
96193,122,11,2837404.0,0
55674,79,16,8299468.0,0
29406,30,36,14687400.0,1
76234,23,29,15642447.0,1
57110,29,126,88337787.0,4
77815,700,3,871923.0,0
18348,38,32,17148590.0,1
79266,101,5,1754040.0,0
72960,126,5,1502365.0,0
67251,19,142,71510196.0,4
48528,41,25,9704982.0,1
97512,19,42,22318161.0,1
65749,577,2,843023.0,0
65653,114,12,4944824.0,0
73960,42,6,3658102.0,0
6286,0,13,4963376.0,0
75203,28,11,5948332.0,0
31050,96,9,9587609.0,0
42453,21,50,28057543.0,1
50896,219,9,7084464.0,0
88326,149,8,2798979.0,0
42292,221,3,934227.0,0
25374,132,9,3740411.0,0
30932,153,4,8368261.0,0
51082,44,11,6222218.0,0
77843,31,25,18713848.0,1
24792,79,19,10005009.0,0
34768,36,65,33154143.0,4
94860,22,20,12774527.0,1
55289,3,18,13317339.0,1
75694,15,14,8302192.0,0
31985,9,24,16917301.0,1
56935,95,2,435086.0,0
37577,13,61,40024564.0,4
85658,2,228,115432818.0,2
30033,303,3,1905062.0,0
8045,87,14,7623834.0,0
81637,39,3,785786.0,0
82887,36,12,6858859.0,0
75229,25,35,22768148.0,1
66376,18,28,21817020.0,1
60934,39,23,13869258.0,1
10773,69,22,14723496.0,1
33275,60,5,1452507.0,0
57936,17,35,16702577.0,1
45596,4,21,18686963.0,1
53031,132,17,7501621.0,0
83312,21,15,10811901.0,0
72465,103,17,5893521.0,0
13630,183,1,1341207.0,0
85414,7,14,5115192.0,0
94116,36,1,149894.0,0
31042,333,5,4097942.0,0
19991,66,2,648959.0,0
30819,6,1,161921.0,0
79793,16,11,4497826.0,0
80708,23,7,5756447.0,0
78238,28,69,34766210.0,4
54769,80,16,6942011.0,0
44081,146,9,6363043.0,0
73878,8,161,74980207.0,4
7308,100,14,4219441.0,0
33005,5,13,3963729.0,0
3535,492,3,920499.0,0
8076,6,14,6527825.0,0
84414,0,31,13402924.0,1
36381,24,24,15728802.0,1
79287,31,5,1319036.0,0
59412,100,4,986570.0,0
77692,35,113,61901392.0,4
67431,60,18,8027566.0,0
28930,1,9,4677795.0,0
22657,9,3,1016824.0,0
90373,3,5,1637436.0,0
96269,9,40,19661241.0,1
61306,29,34,14324709.0,1
23377,61,32,17528818.0,1
50565,32,6,2279309.0,0
70769,659,2,794456.0,0
55701,21,17,12334334.0,1
61760,29,45,23185419.0,1
35659,59,23,9839261.0,1
67836,67,11,2426913.0,0
61375,6,7,3600481.0,0
79694,37,48,19287794.0,1
90248,1505,1,99223.0,3
52909,373,5,3021945.0,0
4227,79,22,6286361.0,0
29680,147,3,857708.0,0
50570,17,70,27698998.0,1
55809,7,15,4549945.0,0
15122,133,10,3673577.0,0
37450,123,17,30524582.0,1
95963,182,11,5719443.0,0
34404,64,27,11216622.0,1
95968,53,25,8193357.0,1
1679,28,14,5463409.0,0
74773,92,10,7291475.0,0
61592,137,4,1017894.0,0
71789,75,25,15136171.0,1
35885,16,46,24954851.0,1
34733,24,39,17293944.0,1
32112,57,17,13965751.0,1
68404,49,6,2393130.0,0
81643,486,4,4611642.0,0
54601,16,40,29519356.0,1
77565,47,5,2949901.0,0
4006,215,6,3945023.0,0
5779,61,12,12210200.0,0
36444,14,137,64949967.0,4
72878,118,2,3301323.0,0
98189,130,11,7056155.0,0
5083,51,12,3743986.0,0
77633,40,17,10675892.0,0
14850,14,30,15777957.0,1
79196,22,16,5822675.0,0
51016,89,12,17061309.0,1
90654,63,5,1198814.0,0
13605,73,3,1601256.0,0
74562,68,36,24519694.0,1
72167,81,4,4167997.0,0
33507,97,6,1376255.0,0
96722,207,6,2681648.0,0
52035,26,12,4343855.0,0
79126,42,31,15938208.0,1
94255,98,26,20297903.0,1
31380,2,42,31683053.0,1
23925,28,49,21932060.0,1
74548,151,3,983129.0,0
87732,256,7,6613916.0,0
65618,118,3,1272077.0,0
38624,34,34,23886201.0,1
32009,38,23,9105173.0,1
26685,7,83,37081605.0,4
66139,48,62,24752832.0,1
23582,0,24,9469073.0,1
88478,19,7,4759272.0,0
50334,13,10,3914154.0,0
74064,279,5,2653914.0,0
90868,24,13,10818671.0,0
16635,98,21,11245848.0,1
3524,2,41,31454699.0,1
34530,51,25,14514112.0,1
44209,33,14,6784912.0,0
66490,5,3,7040202.0,0
48376,39,8,4017495.0,0
53157,70,19,11581169.0,1
60665,30,5,2227832.0,0
87925,32,6,3045921.0,0
14586,250,3,1773548.0,0
77057,50,5,5098874.0,0
68789,0,5,3630914.0,0
67122,327,2,534532.0,0
61669,19,18,6812609.0,0
91934,117,10,3543934.0,0
62739,20,10,4258801.0,0
97730,353,1,270560.0,0
12647,120,8,2569987.0,0
92842,171,9,3202248.0,0
65196,113,7,2435136.0,0
7205,351,4,2639970.0,0
73764,171,2,645579.0,0
71458,214,3,3340579.0,0
77177,785,2,754259.0,3
60827,147,13,4131749.0,0
42623,147,1,208290.0,0
4041,153,6,5977007.0,0
12953,304,2,532776.0,0
48458,43,18,17812547.0,1
19138,14,31,14646380.0,1
14848,163,3,1102210.0,0
21889,172,2,362510.0,0
84367,146,2,898103.0,0
64259,50,5,1434172.0,0
74096,179,1,225194.0,0
96823,29,16,5280339.0,0
67486,131,4,4662844.0,0
43698,105,8,6842852.0,0
64347,247,5,2308372.0,0
58427,325,2,373113.0,0
49821,319,2,420629.0,0
45371,23,18,9919958.0,0
52190,55,5,3159522.0,0
17653,107,3,1430614.0,0
6505,67,7,8200611.0,0
16821,259,1,2204435.0,0
70163,99,4,660038.0,0
43452,75,2,550174.0,0
41561,94,2,373603.0,0
84976,5,7,13168646.0,0
62578,133,1,166834.0,0
8189,39,6,2697419.0,0
67986,32,4,1560422.0,0
37080,2,5,898402.0,0
92595,26,5,1127233.0,0
96048,17,11,3669849.0,0
2980,36,9,5128342.0,0
91668,119,7,2367481.0,0
63124,18,6,5366891.0,0
77134,23,5,2291020.0,0
16953,149,4,2338832.0,0
11418,371,2,429501.0,0
68740,9,10,8360243.0,0
33162,34,10,3154720.0,0
91600,196,3,710321.0,0
65296,935,2,544823.0,3
20060,116,11,7607539.0,0
28107,157,9,3011014.0,0
81654,75,5,4581037.0,0
56972,487,2,886027.0,0
21888,156,13,9540133.0,0
19823,1777,1,415916.0,3
17844,627,1,238898.0,0
92244,83,1,520100.0,0
73913,527,1,457084.0,0
38857,9,9,6978643.0,0
43796,9,16,14007462.0,1
96985,285,6,1381134.0,0
33356,313,3,754053.0,0
5126,358,3,773788.0,0
79272,528,2,687410.0,0
4932,315,2,547536.0,0
49742,181,1,251711.0,0
13580,853,2,594823.0,3
56451,87,2,1256161.0,0
23044,155,2,3302396.0,0
39353,120,1,238245.0,0
58495,78,4,1723509.0,0
50918,1883,1,155977.0,3
72506,160,8,9299189.0,0
10190,311,3,1907020.0,0
6715,676,2,459907.0,0
88636,31,5,1803635.0,0
76293,37,8,7085353.0,0
75673,22,4,3130268.0,0
29885,203,1,712541.0,0
82615,22,5,1507112.0,0
7312,49,1,310273.0,0
82189,121,5,2391190.0,0
6780,35,1,613305.0,0
98208,388,5,2911840.0,0
45790,294,2,1110571.0,0
72938,202,4,1140552.0,0
37282,1687,1,174521.0,3
38681,278,2,526557.0,0
36900,71,6,1645568.0,0
49681,344,5,2785836.0,0
50309,1122,1,555834.0,3
23170,171,3,1976903.0,0
51253,1559,1,225408.0,3
32206,1057,1,270401.0,3
27687,194,7,2783189.0,0
14810,84,1,244657.0,0
9951,112,12,5484640.0,0
69733,43,3,4987066.0,0
16428,272,2,526170.0,0
48349,273,1,872216.0,0
45588,1072,1,470894.0,3
22310,1036,2,464420.0,3
72060,135,2,840957.0,0
51122,175,1,324072.0,0
1168,1094,2,613096.0,3
78977,68,6,3476223.0,0
207,195,1,290713.0,0
18193,412,1,207456.0,0
51059,509,1,92942.0,0
41363,994,1,234928.0,3
39298,239,3,3758053.0,0
13594,1936,1,201363.0,3
70162,49,1,218268.0,0
9726,47,1,171879.0,0
39785,17,2,569781.0,0
21798,1429,1,611800.0,3
368,211,2,1162908.0,0
84544,812,1,238108.0,3
33082,447,1,182859.0,0
73670,820,1,531902.0,3
70555,905,1,214063.0,3
64287,333,1,272724.0,0
57108,433,5,1415294.0,0
31492,2034,1,442602.0,3
7931,754,1,895800.0,0
11118,56,2,201667.0,0
62968,138,2,182372.0,0
63293,1129,1,606463.0,3
96223,49,27,15398887.0,1
31328,262,7,1869021.0,0
99948,124,13,3948424.0,0
69571,92,12,3465171.0,0
80394,18,53,32049280.0,1
12019,59,52,24905724.0,1
96663,25,116,58232892.0,4
3307,70,11,3392393.0,0
40917,92,11,4756083.0,0
37337,0,22,9605791.0,1
42761,27,63,34003519.0,4
40446,26,12,7901483.0,0
97646,34,70,53249851.0,4
43314,140,6,3339441.0,0
85516,33,52,29423531.0,1
39935,48,12,10981785.0,0
16079,80,24,15171947.0,1
29292,2128,1,237778.0,3
16671,2002,1,296576.0,3
8344,8,63,49151277.0,4
42855,1379,1,101043.0,3
11813,32,12,6491234.0,0
69450,120,3,1797211.0,0
47434,13,26,24253922.0,1
21046,49,8,4222856.0,0
67397,7,22,6851780.0,0
75905,735,1,211691.0,0
18172,145,10,3452618.0,0
5459,38,90,54690529.0,4
65959,65,11,7158142.0,0
29009,17,41,21474445.0,1
89868,4,73,45159134.0,4
90742,165,6,4113138.0,0
109,60,31,11793798.0,1
31366,31,27,9183294.0,1
85094,16,57,32313974.0,1
6284,61,140,95842740.0,2
5381,1280,1,347651.0,3
9034,287,5,1945041.0,0
54871,548,2,1036280.0,0
57507,41,29,18568188.0,1
42011,29,59,39156722.0,4
81590,33,41,18737572.0,1
49301,239,9,9576147.0,0
94087,25,49,29997000.0,1
96887,8,85,41035303.0,4
11787,66,22,13300781.0,1
79083,717,2,758321.0,0
28573,29,61,38942223.0,4
16464,31,18,7722141.0,0
12928,79,9,4137219.0,0
86015,32,11,3977513.0,0
20922,94,4,900740.0,0
98099,23,21,11204518.0,1
6524,396,9,2007042.0,0
50914,57,36,17533532.0,1
68761,45,55,41142516.0,4
63807,82,7,2860691.0,0
45836,164,4,1301316.0,0
87055,52,121,68063973.0,4
55506,182,11,3778365.0,0
31375,92,14,4439948.0,0
49142,48,89,68219163.0,4
59738,68,27,14705537.0,1
52465,357,6,4778166.0,0
35877,16,29,17484830.0,1
63110,124,13,12609968.0,0
62009,14,50,26972669.0,1
80379,64,6,3429650.0,0
32028,233,7,2278633.0,0
32930,4,171,101486010.0,2
88646,85,8,1811806.0,0
8413,37,24,18362761.0,1
19186,181,3,1364794.0,0
50160,41,14,5545510.0,0
69943,137,3,786416.0,0
65174,84,20,10294561.0,0
65165,329,3,2413206.0,0
76078,7,34,16672360.0,1
14418,29,30,22227629.0,1
28809,81,10,2053567.0,0
27904,136,11,4804583.0,0
54316,57,54,27377563.0,1
77236,143,6,2537007.0,0
79249,89,13,5474969.0,0
80786,69,21,22629000.0,1
55682,104,7,4381362.0,0
47659,11,46,20227011.0,1
57453,60,11,4436068.0,0
94013,200,5,1982852.0,0
76030,359,3,2809791.0,0
61264,112,8,4790242.0,0
65062,15,44,21752169.0,1
15082,80,8,3178385.0,0
35880,58,24,13932921.0,1
18518,20,21,11847928.0,1
38926,57,14,13186186.0,0
19779,57,16,6361406.0,0
21022,29,74,28506343.0,4
39903,117,9,3380425.0,0
77613,30,95,50204794.0,4
67228,167,12,4315883.0,0
97867,21,32,14437812.0,1
35162,54,39,19989134.0,1
238,31,33,19624684.0,1
6207,279,4,3545253.0,0
46166,368,2,444161.0,0
59422,149,4,1540275.0,0
40954,116,12,5685086.0,0
9060,189,3,1938143.0,0
76884,553,2,389613.0,0
31645,1107,1,348545.0,3
67933,1582,1,176846.0,3
5162,743,1,121495.0,0
18441,63,12,5940960.0,0
91174,89,18,6231241.0,0
72511,439,4,1246788.0,0
2677,108,3,2669977.0,0
81145,521,2,699194.0,0
69622,371,2,722933.0,0
25059,120,5,3679343.0,0
34491,99,10,3739705.0,0
60241,121,14,9990649.0,0
25238,57,16,17423220.0,1
34563,191,10,5865431.0,0
76609,1302,1,230051.0,3
14155,81,11,5075242.0,0
22372,361,2,560829.0,0
56155,277,4,1349244.0,0
17758,73,9,5707877.0,0
87708,519,2,394151.0,0
51224,108,6,1598559.0,0
12113,232,3,527560.0,0
49278,156,6,4769877.0,0
39908,226,7,4080365.0,0
2406,1729,1,166959.0,3
16806,185,3,1492572.0,0
55072,781,2,1519200.0,3
69356,135,5,1317481.0,0
40754,1414,1,263003.0,3
6515,339,6,1747791.0,0
83708,207,2,860084.0,0
47803,137,9,5375592.0,0
65651,1841,1,399621.0,3
40238,547,2,673818.0,0
68352,863,2,456439.0,3
43613,98,11,2860201.0,0
35321,123,3,1007472.0,0
26613,367,2,2077775.0,0
30132,132,8,2285832.0,0
38743,569,3,1927708.0,0
27780,378,1,270758.0,0
92711,377,1,263232.0,0
96460,42,7,5808010.0,0
69272,612,2,778298.0,0
11482,154,9,7818555.0,0
38943,789,2,247101.0,3
50154,1433,1,458667.0,3
17764,276,3,1504904.0,0
82253,1049,1,254286.0,3
47146,840,1,182303.0,3
39065,1001,1,263793.0,3
19111,700,3,2950768.0,0
88012,225,3,1353529.0,0
790,164,5,2266047.0,0
33210,54,31,20447311.0,1
14133,136,14,13526668.0,0
54815,0,52,34550113.0,1
4187,24,19,12092722.0,1
94472,22,22,10839752.0,1
42566,2,63,29300675.0,1
35188,196,9,4668566.0,0
77504,34,15,6908067.0,0
4181,75,8,4268992.0,0
51915,412,4,3850531.0,0
40057,91,22,16960426.0,1
32070,116,18,8310991.0,0
57885,135,5,2254412.0,0
96287,526,3,975301.0,0
91221,271,5,2168232.0,0
37732,1358,1,342751.0,3
86635,73,2,1445315.0,0
49178,11,33,16541813.0,1
25212,103,10,2121982.0,0
96433,7,42,32876792.0,1
46239,47,28,11838919.0,1
41641,34,14,8028297.0,0
8997,67,184,116053693.0,2
27436,182,12,3994576.0,0
97914,27,43,16186282.0,1
10437,25,44,16690072.0,1
83007,21,30,11127793.0,1
64201,0,26,19813266.0,1
50743,62,17,7053544.0,0
75706,153,4,668880.0,0
58146,310,3,847168.0,0
3369,44,87,41226519.0,4
17982,19,21,13067373.0,1
19513,27,22,11157617.0,1
27905,36,11,3734824.0,0
29590,311,6,3070943.0,0
46928,88,9,5025989.0,0
33103,5,9,2407123.0,0
10695,468,1,347235.0,0
11462,3,35,17394670.0,1
81035,48,26,14362383.0,1
75710,98,3,2428947.0,0
60710,59,5,7125691.0,0
20229,702,3,929466.0,0
70761,46,5,993179.0,0
74662,15,50,31741609.0,1
97893,160,3,988202.0,0
16232,623,2,641137.0,0
39330,41,12,4706204.0,0
42895,560,1,860629.0,0
45313,125,5,2962366.0,0
21450,131,4,1034647.0,0
93416,50,23,12039033.0,1
82783,101,18,12591432.0,1
86446,230,9,6227361.0,0
38469,258,8,3030541.0,0
8347,80,16,6316971.0,0
44404,93,6,1384012.0,0
38962,11,25,9811999.0,1
86730,89,17,6506369.0,0
25224,172,9,3270341.0,0
85971,1694,1,209896.0,3
66024,20,11,3740837.0,0
48319,47,56,35052256.0,1
42062,721,3,1300450.0,0
92795,95,5,4029281.0,0
56125,0,15,10135101.0,0
23734,49,6,1389244.0,0
16431,70,15,8201079.0,0
43508,95,16,11038936.0,0
87165,162,8,1914964.0,0
39475,1329,1,213952.0,3
3004,128,2,661787.0,0
24573,75,17,7431825.0,0
87731,51,5,4184015.0,0
90487,6,15,5352263.0,0
40377,67,3,2263149.0,0
40486,22,6,2459864.0,0
64421,152,1,140145.0,0
52870,88,3,422618.0,0
16915,38,50,23404126.0,1
68264,3,13,4689779.0,0
81623,20,68,29008001.0,1
97042,186,5,3105631.0,0
41068,312,6,3542323.0,0
16802,11,14,9645299.0,0
82726,45,4,1653428.0,0
30967,6,13,9952285.0,0
61642,42,19,7756381.0,0
60984,62,32,10709299.0,1
81488,30,6,1664193.0,0
94190,62,4,987124.0,0
3622,100,4,1470841.0,0
41288,48,6,1340771.0,0
43822,12,24,11598123.0,1
75026,1338,1,246053.0,3
18142,46,10,4938304.0,0
57918,32,17,8351474.0,0
86423,632,5,929028.0,0
76412,91,140,69991805.0,4
11454,1,94,51060678.0,4
67331,15,50,27490489.0,1
74770,1421,2,279554.0,3
22980,30,46,27370778.0,1
25354,92,23,14856328.0,1
60291,7,8,4914256.0,0
40348,29,43,16298950.0,1
5851,30,140,74996859.0,4
76751,45,24,10244529.0,1
55607,45,45,20582929.0,1
17087,22,17,8030055.0,0
93555,25,22,11260809.0,1
68229,40,29,14545358.0,1
48250,107,10,2547672.0,0
58858,5,51,25912704.0,1
78042,51,22,8014184.0,0
90000,309,3,1255038.0,0
30826,18,80,36595214.0,4
61383,84,5,5368803.0,0
22648,125,9,3622099.0,0
86750,499,4,1024358.0,0
56958,45,18,7266090.0,0
47335,3,18,6571509.0,0
35180,6,10,6398320.0,0
11275,319,6,5473184.0,0
35384,0,16,4629777.0,0
58515,53,14,5236976.0,0
2254,29,19,14375669.0,1
62346,2,47,34572776.0,1
32595,36,34,27981071.0,1
99576,81,14,6413762.0,0
77496,540,2,5275509.0,0
15704,14,98,64167819.0,4
61522,30,58,29439976.0,1
97437,52,8,2773540.0,0
94649,26,24,18932056.0,1
11502,377,1,195660.0,0
95850,730,1,263264.0,0
94869,6,10,3123017.0,0
3345,109,7,2804170.0,0
38946,225,8,2439467.0,0
55485,54,25,12809984.0,1
96146,26,41,16426690.0,1
28010,168,9,15310639.0,0
82979,27,61,36842989.0,4
65845,51,12,5416867.0,0
76900,44,19,10059169.0,0
73310,15,162,83397490.0,2
12240,76,20,11069143.0,1
65809,15,52,24793414.0,1
79644,83,10,2356904.0,0
6307,178,10,2488135.0,0
76181,191,17,10883973.0,0
89618,36,88,38428341.0,4
83649,156,6,1642059.0,0
37576,76,18,10967512.0,0
34536,598,2,1119225.0,0
91655,510,3,680186.0,0
19267,240,5,956717.0,0
69350,10,98,40746160.0,4
5918,267,3,808806.0,0
45482,5,43,26825169.0,1
57101,15,23,14807335.0,1
57467,26,23,12550369.0,1
82243,41,36,26689935.0,1
64062,21,30,13849105.0,1
77999,294,6,2643098.0,0
22222,17,12,5932961.0,0
93209,216,2,344799.0,0
15269,41,25,12954107.0,1
66452,16,20,10156323.0,1
1660,130,2,726346.0,0
57721,361,1,329902.0,0
60324,47,25,13125070.0,1
16084,21,107,47891316.0,4
91009,335,6,3921807.0,0
67560,21,72,37918854.0,4
16558,51,12,8703685.0,0
39696,1341,1,352528.0,3
90322,22,81,33339187.0,4
37683,36,31,16542727.0,1
78384,20,39,19530000.0,1
6084,1,49,28915132.0,1
75561,40,70,34611467.0,4
18082,42,44,24206257.0,1
26276,59,15,7422362.0,0
33332,235,2,814198.0,0
70693,51,5,1819102.0,0
52032,415,4,1075477.0,0
90130,51,3,597003.0,0
11448,39,9,7052645.0,0
63430,13,8,2862273.0,0
61020,13,2,689828.0,0
28595,19,3,2260826.0,0
59147,270,7,3101749.0,0
34383,24,25,11248803.0,1
78643,145,8,2292195.0,0
59491,27,27,17129140.0,1
22993,47,15,8527196.0,0
23177,99,23,11995818.0,1
39653,606,2,279918.0,0
19255,212,4,3797157.0,0
65790,13,11,2613934.0,0
1908,22,3,3270713.0,0
39510,667,2,1200797.0,0
35891,251,5,2397081.0,0
24764,575,2,383217.0,0
72395,470,3,1299423.0,0
31057,193,10,3293880.0,0
770,111,17,8312506.0,0
85384,231,4,1689975.0,0
58107,90,7,3091945.0,0
81316,254,7,2372046.0,0
17590,67,10,2872285.0,0
15130,183,3,1672234.0,0
66645,184,2,5151782.0,0
15384,176,1,275925.0,0
30751,119,3,299827.0,0
89814,182,3,1268271.0,0
36140,505,1,126955.0,0
82054,239,2,593996.0,0
81578,51,31,11273185.0,1
21203,102,17,16234908.0,1
47910,217,2,553795.0,0
13542,34,8,5279479.0,0
61552,98,13,6570520.0,0
92363,45,6,4414064.0,0
14781,505,3,719317.0,0
89567,215,10,6483578.0,0
21134,49,6,3755229.0,0
87234,43,6,3936560.0,0
70264,137,15,7919763.0,0
31992,25,9,4327502.0,0
86073,133,2,383954.0,0
61107,37,5,9006923.0,0
85784,17,10,2891589.0,0
92415,23,12,6790567.0,0
49009,102,4,1210037.0,0
5217,49,8,6099615.0,0
57451,64,25,18865356.0,1
83583,53,18,8363758.0,0
35534,346,4,1870278.0,0
9624,921,2,435168.0,3
65335,67,9,5907349.0,0
82441,272,2,804339.0,0
17919,766,1,351817.0,3
67276,401,2,3155616.0,0
43676,23,14,9750458.0,0
33228,146,2,734664.0,0
85367,270,6,1800984.0,0
18999,123,9,6306278.0,0
3269,67,4,1723515.0,0
13115,196,5,1248016.0,0
79017,224,6,4988898.0,0
86103,271,2,759291.0,0
81799,110,16,4956804.0,0
41919,1657,1,241173.0,3
30515,967,2,433966.0,3
42189,342,3,1132067.0,0
29172,662,2,754032.0,0
72114,719,3,1262372.0,0
76258,9,13,6910558.0,0
87645,525,2,1420659.0,0
7415,22,4,1198221.0,0
12939,9,18,6217743.0,0
72249,53,17,5333641.0,0
15345,51,17,9719920.0,0
97428,30,4,2829365.0,0
62324,75,2,705418.0,0
16581,512,2,1200544.0,0
90665,467,4,9046923.0,0
46268,381,3,1051284.0,0
46102,349,3,8066254.0,0
12308,105,7,5337913.0,0
43364,153,4,4677412.0,0
25885,281,2,634554.0,0
41878,510,2,3433543.0,0
41622,210,1,166956.0,0
28549,2041,1,324294.0,3
28396,354,3,864802.0,0
36633,29,1,517180.0,0
88661,315,1,254382.0,0
49960,425,2,716333.0,0
78987,78,4,1371460.0,0
49952,1127,1,406768.0,3
68687,168,1,133827.0,0
48654,14,1,61470.0,0
4507,486,2,372690.0,0
3498,1487,1,637600.0,3
13941,33,3,1259425.0,0
10291,42,12,8511532.0,0
41685,282,4,1007579.0,0
46155,818,1,363146.0,3
57612,5,13,7424497.0,0
51560,933,1,583924.0,3
25740,101,9,3075230.0,0
70723,29,7,3271288.0,0
39753,597,2,1184794.0,0
98692,1562,1,245693.0,3
4466,46,8,3773587.0,0
21990,256,3,681783.0,0
69959,633,2,1740034.0,0
11217,56,8,3384967.0,0
17189,311,1,714859.0,0
55933,153,4,6983447.0,0
73971,534,2,194469.0,0
47714,59,3,768996.0,0
58533,76,1,290786.0,0
26807,357,1,2557395.0,0
37573,331,6,2653142.0,0
89676,336,2,824401.0,0
41729,452,3,680280.0,0
79877,307,1,567667.0,0
30688,880,1,128407.0,3
24435,213,3,4163213.0,0
17757,229,3,647862.0,0
16638,158,2,365522.0,0
6945,52,3,860179.0,0
44663,183,1,239385.0,0
1969,1313,1,1038948.0,3
30385,166,1,144419.0,0
5735,134,3,690893.0,0
85472,212,7,4146946.0,0
46791,411,1,247459.0,0
60002,5,2,2223608.0,0
71622,0,3,1081977.0,0
60985,84,2,2026432.0,0
71021,901,2,1406406.0,3
59049,1079,1,219599.0,3
17509,375,2,873189.0,0
28343,247,6,1535122.0,0
40964,773,2,1399202.0,3
81697,553,2,973490.0,0
97676,550,3,654873.0,0
57757,53,2,563550.0,0
92527,113,24,8492484.0,0
96186,28,59,39129643.0,4
15279,37,32,21921846.0,1
60409,12,48,29505365.0,1
79935,7,67,42456659.0,4
80595,114,10,2762042.0,0
76824,370,2,583579.0,0
10233,488,4,4048932.0,0
90495,35,25,10984386.0,1
2391,35,127,76722333.0,4
61825,100,11,6676917.0,0
68638,123,12,6353972.0,0
42334,37,80,46983923.0,4
17626,75,5,1474006.0,0
8388,3,130,63867842.0,4
94196,89,17,10878031.0,0
24724,494,3,1785431.0,0
95428,162,11,3817472.0,0
55693,45,15,5546218.0,0
56418,88,7,2647562.0,0
60389,38,46,23417549.0,1
28616,102,9,2966464.0,0
2761,70,111,50876281.0,4
62337,357,4,2732393.0,0
7257,58,87,67990588.0,4
60338,12,44,20240085.0,1
21745,178,11,4760718.0,0
74030,13,18,7996410.0,0
99730,62,10,3206399.0,0
24760,109,18,8590414.0,0
19294,85,23,17919358.0,1
2156,28,38,17493157.0,1
9156,63,12,3492653.0,0
76614,91,4,1344663.0,0
58982,369,1,81737.0,0
16922,0,64,27824759.0,1
20708,752,1,586695.0,0
15232,200,19,7715864.0,0
11456,55,45,21852975.0,1
25908,39,46,24406177.0,1
91310,57,16,6893976.0,0
18123,1,230,132319644.0,2
22801,77,19,13374150.0,1
25904,129,10,5153985.0,0
22822,584,2,465194.0,0
62837,33,67,57549296.0,4
90037,29,42,26136849.0,1
46993,61,8,6683116.0,0
16526,15,62,29564892.0,1
997,31,40,13175654.0,1
2214,88,14,7548318.0,0
7292,9,75,33110986.0,4
77752,4,218,109962793.0,2
69129,216,8,4423591.0,0
24301,41,22,10395649.0,1
46512,58,23,18631796.0,1
41713,67,24,11161864.0,1
27452,42,36,16160151.0,1
45647,33,28,16635089.0,1
40867,107,16,9222305.0,0
17438,114,9,2674800.0,0
43251,49,70,37935304.0,4
68522,396,3,2024836.0,0
59064,66,12,6434656.0,0
55408,420,2,415790.0,0
70477,957,2,245130.0,3
95999,94,9,4410463.0,0
61503,4,55,27481570.0,1
94706,144,5,1345554.0,0
1422,70,8,8145700.0,0
40184,1,37,17306248.0,1
43129,6,56,28866485.0,1
18953,87,25,11903136.0,1
77411,19,83,38551864.0,4
34923,23,46,26281643.0,1
98322,549,2,749626.0,0
48404,1106,1,263826.0,3
6536,80,17,12587665.0,1
77293,289,5,1886302.0,0
64650,123,12,5478453.0,0
39815,258,7,7264975.0,0
40750,223,7,2508995.0,0
77075,1526,1,252238.0,3
70532,34,40,22385163.0,1
28272,23,59,31772788.0,1
96743,57,19,15774857.0,1
24079,33,39,20508061.0,1
44907,62,99,64530931.0,4
98563,384,1,233922.0,0
97621,39,41,19119268.0,1
74387,1239,1,312808.0,3
5785,47,8,2278439.0,0
78450,37,11,7046273.0,0
69726,42,37,24169898.0,1
2815,53,11,6169623.0,0
93366,162,5,1609609.0,0
69813,99,13,11954456.0,0
82030,99,13,4798156.0,0
15050,88,158,83236428.0,2
76021,211,4,1374924.0,0
52089,59,49,28441990.0,1
63357,39,58,33222638.0,1
15089,6,43,19816058.0,1
41267,48,15,10301451.0,0
53163,880,1,213607.0,3
53574,51,20,5306628.0,0
30672,143,5,1717534.0,0
63482,115,18,14265486.0,1
84846,45,13,7411217.0,0
70860,308,2,778526.0,0
52059,177,4,1197683.0,0
28720,210,12,2949812.0,0
4298,52,16,4977081.0,0
61158,49,68,37835661.0,4
58784,6,39,17680306.0,1
95386,35,42,25736737.0,1
66768,7,103,62364757.0,4
39281,205,6,2830172.0,0
34679,15,24,12274092.0,1
1057,40,5,3618067.0,0
54693,0,35,20546747.0,1
44044,60,12,5818602.0,0
31085,298,7,1911065.0,0
84699,70,4,862193.0,0
69678,24,19,17142060.0,1
12320,488,4,8243573.0,0
31355,7,60,42156693.0,4
35977,651,1,301811.0,0
4947,53,11,5816226.0,0
77812,103,12,4308925.0,0
40436,34,22,12352383.0,1
30516,126,8,7205635.0,0
29119,1849,1,215675.0,3
90951,216,4,2227200.0,0
94747,123,6,2204602.0,0
22823,57,12,11039103.0,0
62700,57,12,7869554.0,0
56173,241,3,1038567.0,0
71158,289,6,5116426.0,0
37278,533,2,507216.0,0
10943,120,17,5383546.0,0
27175,393,1,138423.0,0
62799,532,1,142657.0,0
68177,165,2,443065.0,0
14355,84,4,1159440.0,0
91206,146,5,3779683.0,0
3240,71,5,4849642.0,0
82384,1366,1,348575.0,3
63850,37,9,3756981.0,0
51653,65,6,4616874.0,0
55357,290,5,3402294.0,0
26593,641,2,444136.0,0
36252,1209,2,2042615.0,3
80263,77,17,10877550.0,0
4749,1246,1,1834641.0,3
81931,66,16,12034089.0,0
71866,1979,1,2249012.0,3
25614,904,1,87914.0,3
93663,80,4,1012930.0,0
85320,1212,1,244490.0,3
6023,263,6,4270104.0,0
52317,331,6,1540201.0,0
23987,108,6,2037355.0,0
71702,95,6,7805509.0,0
83070,158,6,1305295.0,0
49481,44,10,3522780.0,0
17543,376,5,1515719.0,0
89338,32,9,8571032.0,0
21225,345,5,1418276.0,0
20349,265,1,307994.0,0
36690,520,4,1730808.0,0
90505,46,6,2760636.0,0
84486,147,9,5111224.0,0
80317,501,3,1463716.0,0
84255,356,4,9281470.0,0
54038,1114,1,109712.0,3
62786,754,1,465056.0,0
97637,561,2,379523.0,0
9232,739,2,648473.0,0
47667,289,6,2411220.0,0
69046,1379,1,443202.0,3
65431,365,1,1535335.0,0
5672,222,6,1223846.0,0
76445,186,2,670464.0,0
5606,77,9,5404024.0,0
17718,631,3,803705.0,0
77827,640,4,2169215.0,0
86276,96,4,908098.0,0
20664,533,2,322993.0,0
18183,69,4,839389.0,0
82755,714,1,4604082.0,0
65730,416,2,499771.0,0
70573,53,14,7142849.0,0
56077,426,2,2133665.0,0
7109,383,2,711567.0,0
83722,104,5,6458244.0,0
78130,756,1,528279.0,0
75624,561,2,466019.0,0
31842,126,3,1448190.0,0
12852,1116,1,470887.0,3
49986,603,3,991853.0,0
36530,889,2,839931.0,3
84925,395,5,1609150.0,0
74935,448,3,1838973.0,0
22795,189,2,622081.0,0
54165,595,3,1707626.0,0
24949,162,3,2153729.0,0
53401,1903,1,94280.0,3
44054,392,1,266368.0,0
89607,714,1,95095.0,0
82365,511,1,1918286.0,0
4649,1414,1,1202696.0,3
26833,57,26,11818698.0,1
2860,42,103,50362559.0,4
49771,17,52,20965281.0,1
95057,256,3,1894335.0,0
26696,34,45,25048601.0,1
63717,107,19,5908194.0,0
85164,53,17,13323095.0,1
99256,67,19,9485824.0,0
53668,133,14,3663244.0,0
8732,27,31,14468188.0,1
75354,39,37,14461056.0,1
9819,716,3,2970468.0,0
36116,35,25,11004986.0,1
4142,679,1,232465.0,0
32996,2,63,42775054.0,4
98799,68,4,984577.0,0
34011,30,9,2041303.0,0
27914,9,29,9885434.0,1
61332,146,8,4102498.0,0
52979,210,3,547593.0,0
444,27,5,1836709.0,0
98721,2,19,7578591.0,0
10529,30,177,98722585.0,2
42863,29,36,17047851.0,1
92270,133,9,3696685.0,0
51471,24,22,13795452.0,1
62960,122,13,5214792.0,0
4694,31,17,16924731.0,1
74855,32,16,9461334.0,0
94566,119,5,2316999.0,0
88850,88,6,3976932.0,0
7478,54,10,4882803.0,0
63528,13,18,9118483.0,0
57052,23,31,12483830.0,1
63808,1050,1,140142.0,3
37551,391,3,1181618.0,0
39503,123,8,4632387.0,0
55455,97,8,2139761.0,0
57734,322,2,640758.0,0
51101,54,9,3314528.0,0
43903,20,49,21661842.0,1
30596,54,44,17370526.0,1
55454,55,37,20293160.0,1
2858,10,13,3521216.0,0
85220,239,2,697216.0,0
79687,108,249,136700955.0,2
819,31,59,29969277.0,1
82597,181,1,211782.0,0
62854,4,131,83319964.0,4
60952,164,10,8061284.0,0
30662,14,47,21738251.0,1
45239,153,8,5253334.0,0
64454,1,45,23671080.0,1
21379,86,2,743494.0,0
47519,126,21,9814821.0,0
66500,1254,1,446137.0,3
57971,184,5,6539949.0,0
71976,916,1,370719.0,3
11066,9,17,7814139.0,0
18209,20,40,20591886.0,1
31737,8,8,4832233.0,0
9032,57,7,2948607.0,0
70277,79,4,1144593.0,0
23718,275,6,1626489.0,0
16985,156,2,3475979.0,0
70402,351,1,126276.0,0
73750,109,13,5403150.0,0
52842,22,8,5506957.0,0
53552,11,18,9374573.0,0
44989,6,19,7576491.0,0
23013,57,8,3214329.0,0
6642,400,4,2370158.0,0
52427,200,6,3807352.0,0
92793,13,21,11705454.0,1
88285,12,24,12874704.0,1
78453,49,16,7791118.0,0
31103,22,8,2369577.0,0
30243,13,23,7277984.0,0
46876,22,9,2206574.0,0
65568,198,9,4452423.0,0
25328,1,18,8571064.0,0
3873,22,47,30367707.0,1
40239,280,6,4678017.0,0
48452,1,31,13631943.0,1
70562,41,4,1181101.0,0
58095,324,3,1142907.0,0
35605,29,7,2507080.0,0
72911,49,4,1991501.0,0
5849,6,20,14099949.0,1
14067,28,41,20843731.0,1
89159,331,1,203358.0,0
78058,2,12,6256770.0,0
48997,1,13,7802016.0,0
87627,63,40,15638443.0,1
39782,30,36,15566347.0,1
54641,18,5,1214895.0,0
36338,43,3,2891986.0,0
15398,4,5,3000303.0,0
20033,3,6,3453888.0,0
57855,0,22,9596046.0,1
73793,213,6,4090084.0,0
91575,396,3,876961.0,0
79436,39,45,20098969.0,1
13854,105,11,7120081.0,0
73947,45,25,11027972.0,1
34232,36,66,44167011.0,4
15336,0,1,175606.0,0
3209,4,11,2741751.0,0
11076,106,1,242395.0,0
40983,47,37,11858599.0,1
35249,72,114,65362268.0,4
49445,8,5,1681366.0,0
81862,377,6,3537050.0,0
56922,25,82,29398225.0,4
8804,73,6,5839317.0,0
53115,13,20,13390471.0,1
20660,132,2,651216.0,0
3660,121,9,3046882.0,0
49929,5,54,27521339.0,1
24016,31,48,26576369.0,1
49518,38,34,18308217.0,1
51362,136,8,3749277.0,0
42765,49,21,11608685.0,1
22798,152,2,563090.0,0
93862,36,15,5319505.0,0
55558,40,25,14205455.0,1
92880,84,5,4509454.0,0
95610,55,19,10314696.0,0
989,25,58,32096892.0,1
95819,34,7,1537184.0,0
49767,98,8,7806190.0,0
21047,46,21,10906964.0,1
82717,61,31,12991050.0,1
20628,81,25,11827233.0,1
19543,51,22,8602214.0,0
34686,5,65,37312237.0,4
3784,76,19,10575589.0,0
88767,45,22,9633408.0,1
48083,72,14,8654612.0,0
92081,26,52,32884080.0,1
91776,1,52,23944593.0,1
51544,155,12,8433498.0,0
24098,38,17,6030763.0,0
54344,48,45,19844249.0,1
29018,320,1,110156.0,0
78938,38,44,22329226.0,1
26357,27,9,3779157.0,0
52073,60,15,6478003.0,0
4497,305,6,2343563.0,0
21441,15,22,12609570.0,1
96604,14,11,3787197.0,0
91829,19,4,882143.0,0
39141,354,6,1622851.0,0
23375,59,6,3527697.0,0
79720,54,6,4628813.0,0
91289,27,10,5941136.0,0
78303,106,13,7141191.0,0
45317,1402,1,164545.0,3
97069,99,15,9085258.0,0
61042,75,1,147318.0,0
81984,1522,1,289536.0,3
68465,125,12,4154854.0,0
8244,14,47,30533187.0,1
51827,6,3,1706985.0,0
94174,53,3,537718.0,0
33269,69,9,14005652.0,0
10834,36,33,16659254.0,1
89771,30,27,11667926.0,1
54266,101,2,243422.0,0
87919,118,16,9140348.0,0
47625,31,43,21424344.0,1
76313,169,4,6768350.0,0
713,119,9,2587277.0,0
10272,52,3,1756861.0,0
43619,10,19,8367015.0,0
19096,33,31,14788893.0,1
66065,240,6,1443327.0,0
68705,12,11,7178675.0,0
41189,236,7,10725307.0,0
17127,2179,1,159635.0,3
14124,75,1,258305.0,0
69423,2197,1,367803.0,3
82951,548,5,1728673.0,0
65804,615,1,710716.0,0
94157,51,6,5213802.0,0
55432,51,6,1918933.0,0
15454,393,2,467746.0,0
59853,390,4,2017782.0,0
64399,531,1,479167.0,0
43615,176,1,290203.0,0
56565,105,10,2894099.0,0
8234,34,13,9309638.0,0
45844,469,1,878000.0,0
48718,262,3,711807.0,0
84186,86,4,1100419.0,0
25104,99,3,1734248.0,0
32313,28,8,8561817.0,0
44547,216,9,5181610.0,0
61780,91,2,526149.0,0
34366,144,2,717932.0,0
78601,22,4,4575963.0,0
52112,301,1,323440.0,0
32579,230,2,404247.0,0
77336,62,12,3276039.0,0
86246,387,2,1130273.0,0
94600,43,2,3016303.0,0
53751,13,10,4377375.0,0
21184,38,6,1456352.0,0
64655,50,3,1154920.0,0
34478,839,2,379176.0,3
32001,12,2,747922.0,0
80787,31,14,10173794.0,0
19635,204,1,421515.0,0
90861,300,6,1315855.0,0
34203,197,5,1449944.0,0
24581,29,3,6049219.0,0
98976,27,5,1370090.0,0
72017,366,4,1054645.0,0
4608,183,9,3549418.0,0
40978,441,1,259114.0,0
64705,26,18,12597619.0,1
95905,77,9,4364573.0,0
99169,112,17,10562392.0,0
16247,263,5,5327519.0,0
72566,926,2,4050918.0,3
23434,479,3,3481610.0,0
53037,183,4,1055880.0,0
50144,176,6,8946735.0,0
62280,311,3,540361.0,0
80763,328,1,2425665.0,0
59174,400,2,637842.0,0
39234,69,2,622579.0,0
29337,170,10,6705632.0,0
97841,114,6,2856174.0,0
47149,272,1,4684249.0,0
83898,351,3,1862643.0,0
7289,45,14,9843701.0,0
2346,115,3,1275861.0,0
55504,61,4,894389.0,0
51684,77,23,9968392.0,1
127,148,4,982663.0,0
98543,306,2,955041.0,0
85677,294,2,2929614.0,0
81535,127,6,2140015.0,0
35591,87,6,2975325.0,0
47172,1884,1,67051.0,3
44185,261,4,3420028.0,0
42904,1659,1,263578.0,3
87278,301,1,167470.0,0
31232,15,9,4779659.0,0
12765,218,4,1682872.0,0
66540,1018,2,1082465.0,3
136,57,7,1513308.0,0
73989,399,1,608339.0,0
69492,61,3,727793.0,0
37819,147,1,152333.0,0
46962,494,1,1079600.0,0
58029,28,2,552083.0,0
74303,1490,1,6052176.0,3
64752,147,4,1739482.0,0
52568,17,6,6378082.0,0
36607,22,5,5486539.0,0
35864,66,2,620884.0,0
49924,183,6,1679163.0,0
67863,269,3,1921087.0,0
12730,696,3,755340.0,0
54845,760,2,2215607.0,0
7000,81,8,5883287.0,0
34908,59,6,2951585.0,0
65130,466,2,1221848.0,0
6849,456,1,233862.0,0
57041,2209,1,120423.0,3
64695,10,5,1552138.0,0
32087,471,1,548058.0,0
65857,673,3,856580.0,0
28369,83,1,290457.0,0
59020,66,3,1383743.0,0
61723,7,4,3793606.0,0
68827,374,2,313823.0,0
24019,50,5,2617771.0,0
2676,600,2,505150.0,0
86349,23,8,7183823.0,0
17900,70,4,1275036.0,0
4849,156,2,1013860.0,0
48295,14,3,597025.0,0
40787,60,3,543708.0,0
51741,687,1,284861.0,0
81808,85,3,2145081.0,0
2577,1715,1,396636.0,3
89378,60,5,2362557.0,0
84874,240,1,5469172.0,0
13975,2,1,9002286.0,0
20069,97,2,763378.0,0
3933,166,1,1164268.0,0
33268,156,1,1382566.0,0
79559,0,7,2058663.0,0
96057,296,2,11320681.0,0
88201,470,2,615440.0,0
49393,400,4,9856552.0,0
70861,399,2,1143409.0,0
98794,162,3,1102327.0,0
98068,717,1,9076834.0,0
37952,570,1,450865.0,0
7852,69,10,4935898.0,0
95145,920,1,484275.0,3
26406,434,2,426113.0,0
67570,415,4,1246799.0,0
34939,21,53,30958589.0,1
60010,78,20,8928760.0,0
74767,78,26,19013535.0,1
35624,41,50,20501411.0,1
55991,63,20,14481557.0,1
82857,44,24,11012500.0,1
84909,242,6,5128719.0,0
26929,122,9,6424303.0,0
70691,294,5,2828880.0,0
53151,26,61,40820384.0,4
3381,8,39,27414875.0,1
82725,36,48,20192315.0,1
67444,4,112,63855460.0,4
40615,60,107,56971240.0,4
81271,42,36,15906445.0,1
1892,104,7,11917845.0,0
39819,133,11,5692164.0,0
66642,44,32,18917012.0,1
63359,57,32,18341421.0,1
55639,1,205,106112086.0,2
95935,307,7,5226475.0,0
40223,698,3,839828.0,0
88691,26,40,32356042.0,1
59627,18,42,19992078.0,1
70583,43,34,18819088.0,1
6809,5,65,36168954.0,4
65510,13,62,31847503.0,1
25181,715,3,1510302.0,0
42800,21,32,21273055.0,1
89454,86,17,5897283.0,0
234,4,53,21291392.0,1
96483,31,10,4353370.0,0
90106,91,4,1514112.0,0
88528,103,7,14472742.0,0
93831,362,3,2198942.0,0
57472,270,4,1158400.0,0
84738,362,1,420690.0,0
95540,208,14,22740660.0,1
12452,30,39,14300257.0,1
7614,116,14,5130493.0,0
8757,11,64,28354083.0,1
10164,100,19,6406310.0,0
99644,26,53,34233042.0,1
78652,2,180,95023394.0,2
80964,4,225,112321879.0,2
89054,73,24,16950416.0,1
58336,11,129,64370877.0,4
20812,184,6,5716412.0,0
58108,63,21,11123863.0,1
57183,13,37,27974507.0,1
5489,69,38,21853958.0,1
627,328,6,1849869.0,0
4554,88,13,4087214.0,0
62741,26,53,25244703.0,1
32555,154,7,6267591.0,0
71054,623,2,1959359.0,0
36579,24,37,15613817.0,1
81769,21,68,38252331.0,4
95312,33,40,23353259.0,1
66756,18,37,21675003.0,1
94862,102,8,3937372.0,0
79529,9,54,32386519.0,1
81361,1,134,68503124.0,4
37014,162,11,6750543.0,0
87248,25,19,6809289.0,0
99187,115,12,3965480.0,0
81936,63,16,7781079.0,0
96004,894,2,386214.0,3
13665,10,36,13020695.0,1
69040,30,44,36891844.0,1
6119,41,29,15189623.0,1
29851,403,3,1109849.0,0
52088,60,25,13319018.0,1
61053,111,17,5594123.0,0
11228,465,3,1610167.0,0
72810,71,13,3710573.0,0
90273,54,7,2872841.0,0
5768,98,16,9466854.0,0
32818,2,96,56830108.0,4
68599,23,37,13880043.0,1
70531,108,13,4466583.0,0
99953,163,4,1218810.0,0
29168,4,89,54616257.0,4
91631,77,9,4646810.0,0
83433,42,15,5770037.0,0
43960,67,27,25461161.0,1
80554,209,3,9061913.0,0
83260,164,5,2477537.0,0
32980,85,10,9878214.0,0
39436,182,10,2390404.0,0
52417,1,108,58768646.0,4
22098,541,4,2499519.0,0
92981,14,52,39052960.0,1
32914,178,4,1159511.0,0
68979,121,4,4867501.0,0
64247,76,13,8490055.0,0
40463,845,2,623481.0,3
18197,46,58,35159085.0,1
55043,103,22,14070100.0,1
38912,57,11,7701445.0,0
36829,327,5,1180068.0,0
29355,268,2,725760.0,0
20340,131,9,4913262.0,0
23618,0,102,55001479.0,4
20148,132,8,3604574.0,0
56336,158,9,4314232.0,0
60340,1,26,15608836.0,1
62286,39,8,1748744.0,0
86361,108,15,8114227.0,0
33658,0,78,37797383.0,4
7683,32,31,17429159.0,1
30221,21,61,46280058.0,4
37086,71,16,5946833.0,0
92518,1379,1,156431.0,3
65391,5,42,27307160.0,1
18412,59,28,8824229.0,1
51648,169,4,975496.0,0
82655,29,28,14951728.0,1
99677,172,3,534941.0,0
18693,198,6,3348294.0,0
8285,5,27,15625105.0,1
14814,304,5,2043865.0,0
60509,29,31,23226622.0,1
87334,22,32,17163274.0,1
75191,12,28,7834388.0,1
17363,44,20,10332676.0,1
31637,46,35,12102527.0,1
42545,137,5,2695703.0,0
43682,78,9,7179501.0,0
42490,192,9,7228035.0,0
53573,198,10,8462973.0,0
81187,259,4,798293.0,0
77298,5,44,19858804.0,1
6150,36,16,14861343.0,1
26445,106,13,9554637.0,0
4447,70,21,16028238.0,1
28242,188,8,3268067.0,0
9098,26,49,26514050.0,1
77542,20,33,15934397.0,1
94309,127,5,2037909.0,0
63658,385,4,706346.0,0
45465,119,3,752656.0,0
16035,57,10,3878637.0,0
46075,371,3,854578.0,0
68953,87,21,6290931.0,0
21275,364,3,1675165.0,0
52710,180,6,1274076.0,0
91865,118,17,9003702.0,0
6424,52,14,5663647.0,0
55131,56,12,4483061.0,0
91725,184,9,3166881.0,0
1426,120,3,616829.0,0
98202,683,2,3220981.0,0
20715,93,4,1248389.0,0
76771,120,6,1226249.0,0
16272,63,12,8163749.0,0
61733,185,2,1346412.0,0
74269,58,6,3610008.0,0
11210,393,1,440220.0,0
36915,102,15,4877040.0,0
61297,137,5,3185760.0,0
49423,301,9,2461638.0,0
76342,556,3,1125418.0,0
49985,58,10,3075281.0,0
84629,317,4,6686045.0,0
78788,40,24,8098610.0,1
28608,574,1,186225.0,0
16322,119,8,4525236.0,0
8093,142,6,3990295.0,0
19546,1607,1,286637.0,3
7246,644,2,2919952.0,0
70749,77,9,3844144.0,0
44394,861,3,1985526.0,3
4333,1225,1,1405972.0,3
89115,242,7,3125838.0,0
31803,348,1,454718.0,0
90709,169,11,3573857.0,0
33158,105,4,983315.0,0
88886,286,1,3416959.0,0
74227,122,16,5279743.0,0
14787,176,3,577821.0,0
92514,2156,1,225526.0,3
17510,539,4,2235162.0,0
61419,126,3,1105160.0,0
32780,182,4,5528760.0,0
71992,1583,1,131059.0,3
56080,78,11,3606988.0,0
23169,618,5,3211468.0,0
35477,738,1,303946.0,0
4021,364,1,97096.0,0
91055,484,3,655816.0,0
60631,486,3,1595280.0,0
30306,492,4,5485751.0,0
58141,129,7,2543548.0,0
42780,208,4,6821583.0,0
61573,2201,1,1777725.0,3
78406,161,8,5173284.0,0
22852,440,2,600885.0,0
51377,1344,1,453240.0,3
10212,210,2,1892698.0,0
49498,133,2,407390.0,0
21164,142,2,1202886.0,0
11020,330,1,297038.0,0
47966,1471,1,162420.0,3
65531,738,2,864280.0,0
6335,369,3,4134476.0,0
68863,864,2,468524.0,3
68532,1736,1,421210.0,3
95608,868,2,431649.0,3
29747,182,2,1642993.0,0
38517,1960,1,305706.0,3
39879,1456,1,176847.0,3
97858,1523,1,170660.0,3
69060,988,1,202845.0,3
81777,1414,1,557022.0,3
35060,1000,1,414123.0,3
8335,178,3,3356699.0,0
4918,50,25,11512730.0,1
74806,285,5,1160978.0,0
88571,65,16,6955679.0,0
65970,72,33,17719780.0,1
7179,220,9,7358279.0,0
95486,72,18,9028898.0,0
84853,129,5,2768643.0,0
74483,101,11,4592415.0,0
19564,102,19,14326188.0,1
40320,215,4,2805518.0,0
58592,102,20,10803628.0,1
60990,10,28,15384497.0,1
25600,18,60,27284601.0,1
4573,202,8,2598131.0,0
70053,27,78,32675511.0,4
4567,191,7,2989926.0,0
22168,295,6,4659662.0,0
23910,247,2,385106.0,0
12797,420,2,1374674.0,0
99165,42,26,15637343.0,1
1540,484,1,176534.0,0
91338,16,55,28374437.0,1
78158,32,23,18359342.0,1
17840,47,16,9227610.0,0
1031,23,18,10184371.0,0
22339,80,13,6731277.0,0
63334,283,2,531361.0,0
21744,64,17,8986582.0,0
31394,183,12,4643495.0,0
93970,29,9,3324697.0,0
83158,123,5,2157269.0,0
92960,28,8,2317334.0,0
25603,294,4,1350779.0,0
98109,202,6,4207462.0,0
68234,29,19,10392217.0,1
2729,52,27,10379293.0,1
82883,161,5,4409371.0,0
99617,11,25,13401872.0,1
31507,37,30,14471851.0,1
33405,196,3,404644.0,0
56017,7,21,7949941.0,0
93648,16,54,37019356.0,1
61312,18,27,21802670.0,1
56097,21,40,29030564.0,1
36075,50,5,3847215.0,0
33885,104,226,123248032.0,2
28418,89,27,10642394.0,1
29934,22,18,12759218.0,1
47884,84,8,6724605.0,0
56139,16,47,24360992.0,1
29226,38,4,2630508.0,0
10342,13,28,12397673.0,1
17241,140,2,504272.0,0
71317,9,44,20532341.0,1
79983,45,59,27363512.0,1
95390,63,18,6654202.0,0
62326,14,30,16907254.0,1
79524,120,15,4378663.0,0
420,156,10,5241889.0,0
91065,20,9,4295910.0,0
98277,16,37,22497494.0,1
80166,56,5,2862194.0,0
4982,54,28,18282788.0,1
5609,20,15,7004592.0,0
31627,3,5,1470845.0,0
81403,0,15,7323635.0,0
56775,25,9,6452730.0,0
77885,22,19,13105829.0,1
36276,25,11,7097526.0,0
71104,38,6,5052712.0,0
67710,79,19,8858899.0,0
21439,32,6,2025993.0,0
39117,9,14,5037148.0,0
82392,12,10,8952551.0,0
25711,139,7,1561916.0,0
28561,60,3,1444895.0,0
71184,139,1,188181.0,0
46585,72,11,4829572.0,0
91018,2,6,1649753.0,0
86376,13,37,17725905.0,1
7599,26,5,1218283.0,0
42526,10,19,12670950.0,1
93008,2,25,12208249.0,1
11754,26,45,15853249.0,1
81696,20,44,23512600.0,1
35489,132,15,5310969.0,0
71640,41,56,24723151.0,1
61146,187,6,1901336.0,0
65913,94,9,2424333.0,0
90892,94,11,4093715.0,0
12747,75,16,7105951.0,0
46242,45,98,53156846.0,4
5658,0,21,11433507.0,1
13033,2,9,3075490.0,0
13682,29,7,1824175.0,0
83735,44,49,23575160.0,1
70855,69,2,1718900.0,0
24260,19,78,48543649.0,4
73920,0,6,6120839.0,0
99909,9,6,3298090.0,0
77663,13,10,2997325.0,0
97033,30,56,25480118.0,1
54698,15,15,4959487.0,0
39942,50,32,16527110.0,1
95258,49,15,6543878.0,0
44190,79,7,6281788.0,0
18329,46,8,8087468.0,0
37356,29,32,9081249.0,1
631,913,2,866492.0,3
29105,46,45,32287112.0,1
64785,3,97,38352056.0,4
58249,26,18,17485137.0,1
80135,852,2,1433711.0,3
62747,40,12,5302168.0,0
94219,40,66,22804776.0,1
66119,51,110,59334447.0,4
6636,12,94,54924436.0,4
19813,121,11,2541971.0,0
58891,57,9,5618274.0,0
8798,53,45,33903077.0,1
99976,17,66,38398670.0,4
46625,194,3,735804.0,0
6858,5,31,14509849.0,1
78970,5,13,6373992.0,0
24667,108,17,9928715.0,0
18087,81,26,10579548.0,1
16453,1,33,10330301.0,1
74295,25,17,7245762.0,0
93083,131,5,2012113.0,0
90324,55,33,15857391.0,1
14813,100,15,8569011.0,0
92330,67,15,6242502.0,0
23972,39,47,33810330.0,1
8245,15,63,34391051.0,4
96306,6,29,17890223.0,1
78220,593,2,400747.0,0
5532,164,2,1048026.0,0
69250,209,8,4346674.0,0
11720,25,22,13722164.0,1
44249,50,74,33212015.0,4
30579,73,46,29601998.0,1
97388,73,18,5610352.0,0
81157,25,117,67145338.0,4
313,65,8,3882014.0,0
16696,56,32,11660700.0,1
66031,167,10,3367261.0,0
5189,347,5,1508380.0,0
32694,3,55,21668751.0,1
16468,38,72,50753298.0,4
36307,67,8,6454127.0,0
93191,16,17,7679507.0,0
803,6,9,2483953.0,0
66588,19,19,10527486.0,1
69068,100,9,3445627.0,0
94162,1,34,12589907.0,1
44410,140,10,2582658.0,0
49980,305,5,2964090.0,0
36038,0,23,11806285.0,1
32514,59,52,27212659.0,1
30000,13,29,15997240.0,1
30166,40,20,14357514.0,1
93071,58,26,12392110.0,1
29731,39,22,11535459.0,1
89388,34,14,6147459.0,0
79035,0,17,9314472.0,0
4336,5,9,4044925.0,0
96385,105,5,3142759.0,0
23054,70,18,9781224.0,0
15275,18,15,10902767.0,0
88612,50,26,25295112.0,1
50322,74,13,7745966.0,0
33759,249,7,2550509.0,0
40381,40,5,2065049.0,0
39849,0,11,12411332.0,0
2993,237,6,2328751.0,0
17289,23,35,20464029.0,1
65562,342,4,1167031.0,0
46223,147,5,4014366.0,0
76796,20,12,8236541.0,0
93642,46,18,11418171.0,1
58712,112,10,5295239.0,0
40637,67,18,8555614.0,0
69456,133,8,4717698.0,0
12618,1085,1,151139.0,3
41295,72,8,11363745.0,0
48188,469,2,397235.0,0
48637,169,4,924505.0,0
65364,337,2,705009.0,0
2086,312,2,599091.0,0
97293,450,2,626940.0,0
50024,903,1,190554.0,3
81285,883,1,2201413.0,3
81126,343,3,1007015.0,0
72147,1054,2,483202.0,3
26507,180,5,1453964.0,0
22968,83,12,9999698.0,0
85958,46,12,5352145.0,0
36112,64,9,2903758.0,0
39032,2038,1,247612.0,3
84119,259,1,333490.0,0
63232,427,4,1496514.0,0
44523,852,1,288543.0,3
84312,119,4,1499406.0,0
27752,35,7,2720869.0,0
97970,115,3,1038843.0,0
16831,265,7,2898518.0,0
76087,126,9,5705371.0,0
83229,497,3,974333.0,0
12537,140,8,4740225.0,0
87164,19,8,5323094.0,0
93843,87,15,12014842.0,0
98702,238,9,4006456.0,0
58630,0,8,2901804.0,0
37692,110,9,4813954.0,0
95930,1309,1,177136.0,3
86215,87,11,3130046.0,0
5641,95,1,233862.0,0
69485,2202,1,185102.0,3
36551,36,3,1788885.0,0
76903,2,7,3180665.0,0
91539,18,4,1279031.0,0
20494,284,4,1125242.0,0
64187,225,2,557306.0,0
38994,28,26,9720717.0,1
86666,555,1,270842.0,0
52354,100,7,5088390.0,0
50347,43,8,2574248.0,0
51084,71,4,1748100.0,0
94448,1570,1,1118675.0,3
4019,43,8,3243124.0,0
45828,276,6,2320131.0,0
24141,186,7,6699364.0,0
8531,54,6,5227334.0,0
99688,90,4,970509.0,0
78600,417,2,3215332.0,0
36526,224,1,120810.0,0
68003,310,2,488315.0,0
95358,44,3,1018339.0,0
12876,307,2,635842.0,0
53063,11,5,3807321.0,0
35349,123,4,4602591.0,0
59046,194,8,2486673.0,0
59862,37,14,5233526.0,0
37287,107,4,959045.0,0
88207,227,5,2275529.0,0
20153,60,11,4916734.0,0
94435,285,5,6762790.0,0
65139,234,2,438667.0,0
70281,202,5,1440870.0,0
67924,158,3,1738473.0,0
36947,560,1,478710.0,0
33500,511,3,1120579.0,0
17921,432,6,2517509.0,0
38337,88,5,7251815.0,0
34016,129,2,327315.0,0
43080,249,1,329936.0,0
65035,34,7,3206216.0,0
32674,7,13,14467944.0,1
58575,563,2,638941.0,0
16724,142,7,3628257.0,0
96631,1154,1,316090.0,3
71543,48,4,1164089.0,0
65995,140,1,124465.0,0
59876,13,7,2907186.0,0
46878,1,3,2709923.0,0
89995,416,5,4246095.0,0
71606,17,2,708199.0,0
40700,84,7,3853082.0,0
39763,193,2,653158.0,0
62919,711,1,399301.0,0
72746,143,4,1182346.0,0
52814,977,2,517383.0,3
17604,242,2,2395361.0,0
55554,87,2,757665.0,0
72351,104,1,380769.0,0
41562,194,3,952387.0,0
70436,459,2,582875.0,0
67452,61,2,913492.0,0
14120,153,3,902918.0,0
40496,793,1,118106.0,3
54454,503,2,455715.0,0
20422,459,3,757770.0,0
19809,533,4,2722212.0,0
3049,147,1,2994227.0,0
77314,598,2,1767682.0,0
36266,269,2,786703.0,0
40650,274,1,340326.0,0
66849,182,1,860989.0,0
13771,627,2,1754207.0,0
68323,65,4,1150098.0,0
3727,482,2,627199.0,0
20132,230,4,636174.0,0
81426,39,5,1755984.0,0
71050,155,1,215268.0,0
53117,1337,1,518263.0,3
72425,1029,2,1595732.0,3
94341,662,2,741987.0,0
27041,1323,1,200392.0,3
98565,1413,1,704602.0,3
52649,98,7,2112999.0,0
74858,184,1,130075.0,0
44735,325,1,155828.0,0
57790,317,2,458394.0,0
69932,675,2,424289.0,0
6761,447,3,1480560.0,0
14688,202,2,783354.0,0
42968,1129,1,561789.0,3
51606,106,1,129095.0,0
93592,2,74,52908278.0,4
45855,54,121,72698394.0,4
702,54,20,15782847.0,1
61453,165,9,4334709.0,0
7405,42,26,20781013.0,1
24158,17,62,27993643.0,1
6723,2,206,127790703.0,2
86041,24,38,18020683.0,1
48994,106,7,2505192.0,0
33698,151,5,983118.0,0
19676,129,13,2788684.0,0
68129,49,5,2336909.0,0
17487,49,60,38476287.0,4
91976,102,18,4906885.0,0
3571,182,6,4918446.0,0
18798,521,4,994176.0,0
33372,212,9,4786197.0,0
41492,108,16,11188730.0,0
52310,31,31,11707379.0,1
87413,79,9,3551935.0,0
98173,8,107,53137958.0,4
4670,477,2,555649.0,0
72462,1378,1,325395.0,3
67566,24,17,9758702.0,0
51238,186,2,756579.0,0
20698,98,4,760292.0,0
10284,51,7,2875152.0,0
80257,148,4,5424978.0,0
79513,0,73,29839411.0,4
21848,53,33,20744608.0,1
93313,91,8,4286677.0,0
5865,30,34,17617471.0,1
8821,84,9,8134026.0,0
41752,5,149,81092857.0,4
8238,6,22,12548932.0,1
25451,27,17,5873136.0,0
90793,944,2,335735.0,3
98341,441,4,3263163.0,0
56887,501,2,1756856.0,0
66747,52,37,17085353.0,1
50566,45,56,26845482.0,1
54541,45,67,32826216.0,4
2373,3,80,42515547.0,4
72823,125,5,2445036.0,0
62525,50,52,31463373.0,1
81289,29,74,42835997.0,4
95937,104,11,4391752.0,0
93308,55,37,29661838.0,1
46586,527,3,695539.0,0
15163,93,17,11720940.0,0
82101,26,59,22443615.0,1
52145,94,21,9508532.0,0
58166,182,9,2800701.0,0
24981,436,4,2021943.0,0
54216,59,27,13145134.0,1
59326,21,92,40446366.0,4
40044,86,24,7331072.0,0
28205,5,90,42880238.0,4
68456,44,65,37170518.0,4
55744,301,3,485225.0,0
27210,232,5,1281926.0,0
58218,33,19,14563750.0,1
58902,49,13,4850541.0,0
47717,35,138,76137088.0,4
87626,99,22,13485070.0,1
50788,62,179,90809396.0,2
24368,126,12,7261517.0,0
59358,84,17,7643862.0,0
77583,22,54,35789553.0,1
91957,63,27,10402400.0,1
10564,249,4,3142683.0,0
24676,57,29,9523253.0,1
15099,725,3,1025947.0,0
68258,35,10,5979376.0,0
37476,125,8,3725935.0,0
38161,259,4,1053316.0,0
5365,36,21,9791466.0,1
75897,25,33,12984336.0,1
18802,6,49,21666585.0,1
4331,32,15,6028624.0,0
97862,15,22,8775123.0,1
94490,32,23,8720438.0,1
29992,74,5,3702083.0,0
12107,188,2,357569.0,0
31702,19,80,35400737.0,4
8309,46,44,34676101.0,1
51809,44,50,26195367.0,1
45887,42,25,11625149.0,1
16522,56,15,8930968.0,0
35089,44,133,67384117.0,4
4652,165,4,1794048.0,0
89293,158,9,6214667.0,0
78902,10,87,52722301.0,4
44322,54,34,14850932.0,1
11422,936,1,307044.0,3
44566,17,36,14408884.0,1
49758,255,2,326485.0,0
5512,377,5,1332764.0,0
67786,254,5,2509537.0,0
77891,22,34,16443860.0,1
98385,32,38,15406697.0,1
37125,68,14,6056908.0,0
14055,32,51,28912775.0,1
31539,279,2,1262646.0,0
72370,40,12,6660426.0,0
20498,186,3,494731.0,0
58520,80,21,10991752.0,1
11753,31,45,23719578.0,1
22348,66,28,12910828.0,1
9040,14,92,53950376.0,4
77208,142,11,6520886.0,0
20241,13,85,55506221.0,4
4359,11,18,8415243.0,0
81377,21,83,42739883.0,4
57100,65,5,3209460.0,0
45036,165,3,941439.0,0
15523,17,26,11886551.0,1
98980,35,22,10870209.0,1
23579,415,1,159090.0,0
60646,23,63,27423098.0,1
85372,52,92,55456913.0,4
42416,210,3,2088958.0,0
67612,10,91,43457457.0,4
69918,42,15,9367424.0,0
35318,486,3,1794555.0,0
34703,917,2,578302.0,3
26040,221,5,1014860.0,0
26848,266,8,4773948.0,0
57064,546,2,1030778.0,0
24704,1478,1,671703.0,3
16730,574,6,3447068.0,0
31954,120,3,5246891.0,0
21817,127,3,869736.0,0
1078,27,11,4308898.0,0
52287,1450,1,985969.0,3
39659,274,4,1168007.0,0
8080,53,14,4235170.0,0
14616,13,16,4516533.0,0
47860,706,1,413514.0,0
71880,68,5,1975510.0,0
52031,63,22,8832509.0,0
67703,638,1,408368.0,0
86178,208,8,3150335.0,0
63923,435,2,715981.0,0
39434,321,4,720514.0,0
86595,160,9,4324696.0,0
81215,145,5,2458219.0,0
71181,997,2,574599.0,3
83900,541,3,732595.0,0
70285,73,9,5710125.0,0
83468,478,3,615520.0,0
10009,140,9,2825259.0,0
39911,154,4,1257795.0,0
30905,64,10,5242222.0,0
93585,533,2,1229352.0,0
92469,833,2,864189.0,3
18821,89,11,7788414.0,0
83972,111,3,3640560.0,0
27788,175,7,1785217.0,0
7531,50,5,1761260.0,0
65609,156,13,5880810.0,0
17817,202,7,4413256.0,0
40462,245,5,5821087.0,0
93002,643,1,163908.0,0
24014,172,10,2009047.0,0
77577,242,9,2721211.0,0
43869,107,7,1605997.0,0
77429,221,9,2442988.0,0
32471,1583,1,170613.0,3
98733,192,2,275790.0,0
49993,109,6,4310786.0,0
45468,63,10,5374098.0,0
59162,57,12,5835002.0,0
59057,354,5,1526672.0,0
4620,1008,1,431672.0,3
88278,222,8,2945188.0,0
91756,180,4,794773.0,0
80713,361,2,648735.0,0
51920,804,2,477995.0,3
27538,1903,1,671837.0,3
99435,343,5,1837004.0,0
70964,336,1,279226.0,0
96149,254,4,1967664.0,0
45543,109,3,1194706.0,0
22048,43,8,2913842.0,0
42400,2182,1,361651.0,3
17037,247,6,6731001.0,0
69076,1482,1,2832575.0,3
61623,917,2,354979.0,3
39549,718,3,1396698.0,0
20901,895,2,6661341.0,3
93223,84,6,4507915.0,0
96164,710,2,442907.0,0
34165,141,5,1291760.0,0
12234,864,2,334951.0,3
65915,2,65,29456066.0,1
53309,669,3,3177114.0,0
44309,1617,1,122424.0,3
37046,15,59,24464166.0,1
49138,21,73,41100128.0,4
64631,53,8,2396376.0,0
53028,178,2,656146.0,0
73527,267,4,2537906.0,0
72271,68,34,18559506.0,1
31143,37,26,15101305.0,1
89008,28,77,31142637.0,4
94971,19,54,25002143.0,1
88467,73,7,4563771.0,0
78662,5,107,71844350.0,4
15513,62,22,19651901.0,1
99292,175,6,2939452.0,0
10683,90,6,1283685.0,0
87491,16,35,13943041.0,1
72495,11,32,18615240.0,1
68910,308,1,200115.0,0
74984,215,4,4958220.0,0
49344,37,28,18651361.0,1
7868,15,34,16971819.0,1
31734,284,3,1251605.0,0
26058,395,2,450570.0,0
39757,58,13,3309615.0,0
66233,75,14,12011020.0,0
92261,220,12,5465201.0,0
84685,138,4,7327423.0,0
52518,30,27,12765524.0,1
40135,10,22,12716356.0,1
80622,798,2,807562.0,3
32563,159,5,1543441.0,0
31063,49,10,5536863.0,0
25867,235,2,465253.0,0
70939,210,1,172482.0,0
43275,26,62,35301852.0,4
33322,18,29,15955786.0,1
3245,20,13,3498029.0,0
78822,16,13,6833151.0,0
49919,19,23,11873787.0,1
95238,3,49,20529379.0,1
26571,26,61,27393011.0,1
40390,71,4,1348916.0,0
75219,30,9,3747066.0,0
68427,81,6,6230453.0,0
20536,50,9,4755490.0,0
84518,176,7,2635084.0,0
65373,62,9,2305277.0,0
76916,94,6,1422681.0,0
9729,55,18,10735477.0,0
94709,0,44,24596173.0,1
85617,60,3,1129356.0,0
10274,43,4,870139.0,0
24496,25,7,7044032.0,0
11483,724,3,3191603.0,0
72611,77,10,3661420.0,0
93412,171,4,4013421.0,0
9437,18,35,13606268.0,1
23894,41,4,2313714.0,0
80430,186,11,8069508.0,0
58932,5,44,20530436.0,1
44324,23,16,8995948.0,0
8569,63,8,2899972.0,0
66585,54,41,20714744.0,1
32133,16,11,2990162.0,0
41264,36,10,4000351.0,0
94866,13,23,12775448.0,1
78796,15,17,8734968.0,0
12987,570,3,2565877.0,0
71271,44,23,7682785.0,0
68514,143,13,3397415.0,0
68424,14,14,5700182.0,0
25218,34,8,3794718.0,0
93443,121,7,2084064.0,0
58667,20,29,10544414.0,1
23302,68,4,876863.0,0
37431,9,18,7088163.0,0
84555,27,43,23518780.0,1
54033,8,41,20336599.0,1
5135,43,24,13856549.0,1
50528,82,14,3742631.0,0
78307,69,2,1421429.0,0
58748,7,11,3810853.0,0
75922,4,6,5091173.0,0
79526,55,102,48677071.0,4
72919,16,13,4179667.0,0
74465,570,2,487726.0,0
36527,13,18,6929865.0,0
76109,10,26,19109501.0,1
13980,84,14,7844989.0,0
72181,18,9,7706553.0,0
75991,72,33,14290031.0,1
95973,48,38,21606261.0,1
46323,1,14,6777473.0,0
20177,4,40,17120037.0,1
635,14,23,7545800.0,0
11962,15,7,1492574.0,0
84667,14,23,13883160.0,1
31265,333,4,2140943.0,0
20766,70,17,9517179.0,0
65142,104,16,6448779.0,0
56403,34,18,15091487.0,1
26960,43,1,194788.0,0
81406,184,7,4872564.0,0
36514,3,67,38961000.0,4
42005,185,6,3005604.0,0
84400,1,11,9374905.0,0
21705,5,8,2154240.0,0
19438,8,3,966816.0,0
60431,61,27,20002039.0,1
89791,0,14,11833884.0,0
65836,35,1,8796605.0,0
65689,147,9,7493647.0,0
90485,54,21,9550365.0,1
5264,16,15,7442260.0,0
60513,61,10,4039519.0,0
26931,28,29,22386235.0,1
33491,28,23,9027782.0,1
29528,15,11,4299017.0,0
81555,79,18,14044761.0,1
16651,16,62,33460796.0,1
50820,21,26,18130472.0,1
48702,169,8,1925444.0,0
71684,51,41,32310039.0,1
26973,2,1,1390008.0,0
96095,34,13,6260121.0,0
69224,260,7,2784161.0,0
10092,66,17,6442273.0,0
17505,286,3,2007165.0,0
46666,2,177,88446788.0,2
69535,54,25,14414564.0,1
24332,13,34,18345815.0,1
46995,48,42,16343599.0,1
96924,413,3,754050.0,0
81037,16,45,24557373.0,1
30476,11,22,20126311.0,1
16456,25,66,40477682.0,4
53663,95,10,4118820.0,0
68762,189,2,397655.0,0
48494,110,3,2094819.0,0
55915,48,83,42519803.0,4
8954,308,5,2634523.0,0
15712,94,8,4452629.0,0
27346,168,9,3464467.0,0
87555,285,4,3534495.0,0
92601,207,8,4169562.0,0
6316,14,28,10594200.0,1
88584,49,12,6010888.0,0
6749,44,8,2828052.0,0
97262,453,1,131672.0,0
1972,26,20,5726723.0,0
18010,197,8,6554411.0,0
43856,32,27,12527199.0,1
15785,14,23,10499435.0,1
35761,3,60,43360450.0,4
56677,114,7,3114317.0,0
74148,175,2,874432.0,0
55068,12,50,26001387.0,1
34268,38,106,48921991.0,4
37501,52,10,2263565.0,0
80812,73,15,6602380.0,0
98220,35,35,25729633.0,1
7521,77,30,16181767.0,1
55721,45,36,25278138.0,1
75554,77,9,3645693.0,0
23313,178,1,292969.0,0
39305,73,22,9190839.0,1
47112,128,4,1472258.0,0
99458,57,29,14751765.0,1
51406,87,7,1634169.0,0
26433,53,9,3210262.0,0
6458,114,13,6978107.0,0
76936,180,4,846187.0,0
75942,55,40,29543972.0,1
9985,53,21,13344573.0,1
97595,14,11,16741480.0,1
57517,5,10,4241624.0,0
46210,19,16,6985598.0,0
5877,16,25,8842598.0,1
95045,232,6,3174447.0,0
43577,49,32,13984259.0,1
41118,206,5,1017828.0,0
49563,199,6,8214928.0,0
99154,47,32,24204601.0,1
92583,26,10,3727315.0,0
96338,53,20,7040521.0,0
513,49,27,18353918.0,1
469,270,7,3465749.0,0
44590,31,42,21661155.0,1
65412,82,1,1010083.0,0
49737,19,28,15189461.0,1
4971,166,6,2322864.0,0
49050,89,14,10646536.0,0
74724,11,5,2010295.0,0
7878,69,4,855224.0,0
73523,220,8,4716235.0,0
95371,51,8,7591496.0,0
64972,43,8,14103510.0,0
47648,114,9,3517428.0,0
59770,88,11,5086699.0,0
37462,89,9,4676323.0,0
8032,78,6,1046278.0,0
89319,706,1,283602.0,0
66016,232,4,4600969.0,0
8218,65,9,5946267.0,0
81595,35,5,1894781.0,0
69878,1645,1,441847.0,3
89358,315,1,190289.0,0
75389,387,2,2497546.0,0
83620,83,14,7497042.0,0
36460,105,6,1837115.0,0
64011,232,9,5961038.0,0
24788,141,11,3949511.0,0
62105,14,21,11712522.0,1
94103,282,7,2662294.0,0
97921,686,2,803722.0,0
68970,853,1,647976.0,3
44487,126,6,5199586.0,0
53754,13,18,6009049.0,0
34476,311,3,633306.0,0
48566,449,3,1579837.0,0
86058,18,6,4490698.0,0
12280,61,4,798108.0,0
36675,0,32,12237907.0,1
83725,49,14,14974485.0,1
79792,4,2,834665.0,0
86464,19,6,1630863.0,0
38970,158,6,3896407.0,0
73079,0,7,4721325.0,0
92133,1940,1,1698334.0,3
36096,35,1,1186192.0,0
21081,446,3,2564626.0,0
68073,43,4,3227630.0,0
61923,2,43,19186017.0,1
10296,111,4,1384597.0,0
43219,93,7,3596718.0,0
96966,221,2,1983451.0,0
87818,367,2,682283.0,0
82734,254,2,1393266.0,0
34621,220,3,2182470.0,0
49117,87,3,735042.0,0
46300,16,4,3540439.0,0
2624,490,2,2186419.0,0
89483,167,4,2270029.0,0
40022,120,2,675981.0,0
58355,34,2,446744.0,0
29971,297,5,2139415.0,0
73059,1948,1,148369.0,3
45235,145,2,3787582.0,0
61761,432,3,882954.0,0
8068,50,3,6253522.0,0
89445,34,3,1417273.0,0
99981,1270,1,183787.0,3
77006,1132,1,560158.0,3
14736,529,2,390258.0,0
89928,1085,1,538556.0,3
12189,1184,1,368773.0,3
86587,272,1,112814.0,0
48118,153,7,2441427.0,0
44271,498,1,325074.0,0
18089,291,4,4180651.0,0
82996,685,2,2295966.0,0
74650,76,4,4053485.0,0
16749,389,3,693040.0,0
13678,57,3,2578973.0,0
50152,568,1,263635.0,0
82427,49,4,1171558.0,0
21842,483,1,780894.0,0
20180,1568,1,324797.0,3
36661,147,2,718748.0,0
80103,107,3,1687834.0,0
94517,327,3,3070926.0,0
69764,240,4,1893185.0,0
21118,119,2,353973.0,0
75090,203,1,4400632.0,0
7255,112,1,295400.0,0
76453,140,1,121737.0,0
62306,169,1,315309.0,0
42174,4,2,618089.0,0
86976,263,4,2627171.0,0
71518,499,2,514732.0,0
12551,326,2,744759.0,0
69455,143,5,1346603.0,0
44467,300,6,1925774.0,0
12032,372,1,286869.0,0
85085,148,11,4599456.0,0
96013,705,4,6573868.0,0
88407,2040,1,145157.0,3
37039,184,2,274347.0,0
3900,0,2,496859.0,0
64987,19,7,1975955.0,0
25157,246,2,471468.0,0
96421,778,2,392705.0,3
82201,714,1,1014768.0,0
22148,1592,1,464678.0,3
7008,19,1,166879.0,0
29082,117,7,1353513.0,0
43092,2160,1,281027.0,3
82538,177,6,2219984.0,0
97078,550,3,756551.0,0
47657,44,4,1265295.0,0
497,105,2,2424463.0,0
22584,560,1,579689.0,0
55984,181,1,304124.0,0
53259,276,1,145586.0,0
23871,152,2,1630955.0,0
10552,322,1,78751.0,0
50713,60,5,3567554.0,0
45415,164,3,671914.0,0
79548,1330,1,664807.0,3
40102,477,2,1043663.0,0
93138,98,1,1335271.0,0
5256,442,1,183133.0,0
30611,1888,1,976140.0,3
63946,294,2,475161.0,0
70030,472,2,1161355.0,0
45261,183,2,1696474.0,0
72560,112,3,751795.0,0
33733,123,2,522991.0,0
95796,225,1,50144.0,0
7269,63,1,119601.0,0
32906,2,1,414794.0,0
83488,297,1,251728.0,0
15993,957,1,477799.0,3
95765,401,5,1533294.0,0
75320,1113,1,319888.0,3
29017,742,1,152557.0,0
54878,121,3,1028257.0,0
40458,889,2,1777122.0,3
47216,246,7,1799669.0,0
59135,422,2,1192827.0,0
92687,2164,1,70725.0,3
73114,432,3,1890579.0,0
20008,1079,1,354495.0,3
34396,1009,2,1083860.0,3
33602,138,3,7836138.0,0
94351,377,1,135061.0,0
82438,223,7,12465676.0,0
80470,832,2,1045877.0,3
91442,440,2,6446003.0,0
39285,1343,1,194783.0,3
4151,1826,1,65106.0,3
22581,1426,1,366147.0,3
49125,2155,1,321578.0,3
71256,370,1,274053.0,0
10977,1092,1,149130.0,3
13902,1272,1,964201.0,3
78039,1905,1,188534.0,3
90302,1638,1,1551964.0,3
67377,848,1,153349.0,3
66740,616,1,309700.0,0
42556,1457,1,2451800.0,3
42130,1982,1,1032434.0,3
20351,1770,1,1091936.0,3
66098,1396,1,235358.0,3
4386,826,1,397440.0,3
96196,567,1,253536.0,0
97514,171,6,2695329.0,0
71713,83,3,991106.0,0
408,593,1,135500.0,0
54643,261,2,397327.0,0
58827,822,2,3969747.0,3
76584,117,2,463786.0,0
66834,254,3,1458374.0,0
81990,131,3,1175710.0,0
55494,654,1,266599.0,0
203,102,2,374918.0,0
20118,1786,1,178408.0,3
97399,902,1,618386.0,3
91948,490,1,126340.0,0
35712,489,1,288912.0,0
3872,151,2,613284.0,0
17009,337,1,286220.0,0
59324,1453,1,471074.0,3
92125,16,2,705126.0,0
11575,761,1,1663872.0,0
86913,817,1,551118.0,3
52117,102,1,55476.0,0
93408,1245,1,230643.0,3
94979,734,1,271752.0,0
64200,390,1,5394131.0,0
74495,519,1,230255.0,0
26007,292,2,534722.0,0
33477,1085,1,118973.0,3
75661,446,2,1360812.0,0
55818,2072,1,858406.0,3
61150,1877,1,282920.0,3
63155,49,1,1400665.0,0
15556,622,2,564168.0,0
82174,830,2,565300.0,3
93572,34,1,256919.0,0
40676,995,1,293926.0,3
80601,194,1,1596113.0,0
95477,602,1,1423220.0,0
46434,316,3,663628.0,0
63774,1829,1,458941.0,3
60491,588,1,323233.0,0
63083,373,1,1758616.0,0
46704,1044,1,378206.0,3
81680,1038,1,279446.0,3
63835,1181,1,342004.0,3
39310,668,1,207237.0,0
67328,1057,1,298837.0,3
60816,503,1,77640.0,0
96012,1918,1,306907.0,3
70204,6,1,1182873.0,0
72314,1441,1,330059.0,3
36946,226,1,138955.0,0
81800,942,1,211260.0,3
65473,225,1,78321.0,0
2337,1805,1,1221283.0,3
75230,1455,1,237345.0,3
71375,362,2,316347.0,0
54518,126,3,693432.0,0
99157,735,1,258272.0,0
4455,451,2,341808.0,0
84192,1106,1,145126.0,3
64197,2003,1,77408.0,3
85167,385,2,326535.0,0
13880,1700,1,190958.0,3
24728,210,2,944442.0,0
43297,2128,1,716713.0,3
74464,749,1,305777.0,0
52094,731,2,1055905.0,0
83896,1110,1,107790.0,3
29896,1288,1,195043.0,3
16055,440,2,575605.0,0
68732,392,1,779581.0,0
68680,351,2,374519.0,0
35116,645,1,1177136.0,0
98626,739,2,1912711.0,0
67498,728,1,196402.0,0
5434,1875,1,166451.0,3
59440,994,1,442527.0,3
65591,987,1,453363.0,3
95600,1224,1,295675.0,3
6539,286,1,288485.0,0
4105,328,1,197192.0,0
3421,357,1,931797.0,0
83277,638,1,403755.0,0
23720,2136,1,313176.0,3
71767,658,1,291070.0,0
59797,1009,1,230524.0,3
85834,393,1,96382.0,0
81724,1408,1,187905.0,3
78026,273,1,231930.0,0
63386,875,1,1296851.0,3
94942,2043,1,304373.0,3
54288,284,1,325029.0,0
73662,129,2,2800889.0,0
20598,182,1,353941.0,0
39200,43,3,873082.0,0
27767,1329,1,135718.0,3
97803,12,2,2208977.0,0
88410,806,2,528860.0,3
45145,498,1,506830.0,0
94686,359,1,7910114.0,0
66606,1053,1,97025.0,3
53270,579,1,328742.0,0
34769,1740,1,153334.0,3
29167,50,1,184561.0,0
5413,180,8,2330168.0,0
83929,413,2,860983.0,0
3991,2069,1,82617.0,3
76028,2038,1,627469.0,3
52519,519,1,124595.0,0
53375,442,3,3477174.0,0
85425,147,1,327678.0,0
16406,163,2,654066.0,0
59212,710,3,1048625.0,0
90780,119,1,161780.0,0
61245,43,1,101415.0,0
27430,647,1,584906.0,0
89229,1894,1,533206.0,3
28583,894,1,218272.0,3
94281,158,2,1354364.0,0
8483,181,1,169741.0,0
14073,2082,1,544968.0,3
51843,182,1,326113.0,0
4426,77,2,786049.0,0
49386,147,1,307500.0,0
60331,115,7,2003727.0,0
13907,179,1,220516.0,0
55894,548,1,3548886.0,0
24985,231,1,245897.0,0
55956,1562,1,269302.0,3
73005,2027,1,225123.0,3
85651,458,1,120353.0,0
68609,1351,1,113175.0,3
1084,981,1,196424.0,3
10845,145,1,184900.0,0
66485,794,1,172348.0,3
8122,1552,1,435546.0,3
95192,1670,1,220090.0,3
90710,493,3,1002332.0,0
74106,733,2,657045.0,0
29467,556,2,2542377.0,0
67526,592,3,1929994.0,0
80709,365,1,222637.0,0
73205,1274,1,139032.0,3
3127,1002,2,550670.0,3
29270,471,3,5455593.0,0
64609,920,2,742459.0,3
75022,378,1,75370.0,0
22654,1769,1,443029.0,3
56986,548,2,642608.0,0
50763,530,3,839355.0,0
65979,1210,1,287426.0,3
28879,908,1,415108.0,3
28560,846,1,243207.0,3
20049,1274,1,405901.0,3
1503,546,1,193970.0,0
57934,2002,1,201255.0,3
8111,1160,1,170458.0,3
66274,1555,1,230665.0,3
14257,1562,1,306848.0,3
52868,268,4,838974.0,0
28963,679,1,1263676.0,0
53624,535,2,377665.0,0
23365,975,1,302430.0,3
15159,736,2,588226.0,0
49686,1446,1,222042.0,3
58807,417,3,572772.0,0
92890,676,2,844918.0,0
14560,197,1,254807.0,0
99750,942,2,2843993.0,3
89981,239,3,911641.0,0
76361,435,1,457257.0,0
48362,1843,1,157048.0,3
8084,597,2,3357475.0,0
31465,75,1,164273.0,0
54623,78,2,205735.0,0
2181,740,3,1365861.0,0
43043,895,1,634018.0,3
14644,113,4,1410070.0,0
98412,135,4,3434224.0,0
61500,172,1,264059.0,0
24609,321,1,393789.0,0
37022,527,1,372614.0,0
73691,1655,1,215556.0,3
89648,995,2,739736.0,3
89447,1861,1,259262.0,3
2732,106,1,398662.0,0
6974,103,2,3217345.0,0
73055,2,1,1073163.0,0
33682,1460,1,206177.0,3
43879,63,1,411328.0,0
57267,194,1,4538954.0,0
83938,449,1,379613.0,0
38779,1138,1,228338.0,3
71288,1613,1,653000.0,3
97774,1022,1,193632.0,3
81913,1533,1,407245.0,3
64508,375,2,346349.0,0
7160,191,1,131419.0,0
50628,247,2,763018.0,0
74994,336,1,115638.0,0
79086,292,2,597688.0,0
35200,535,1,105071.0,0
51418,546,2,2143832.0,0
64544,1095,1,194652.0,3
6453,91,1,891244.0,0
40061,148,2,583658.0,0
64882,85,1,1316200.0,0
87188,91,2,433482.0,0
10475,2071,1,480222.0,3
27370,1161,1,273053.0,3
34751,295,1,86632.0,0
24623,2044,1,284537.0,3
65135,1652,1,216004.0,3
27107,686,1,2302376.0,0
33729,300,1,204191.0,0
6038,594,1,585842.0,0
69010,1499,1,295035.0,3
62861,34,1,274452.0,0
10898,375,1,202050.0,0
75837,78,1,215049.0,0
94687,732,2,390866.0,0
63809,733,2,771190.0,0
7326,928,2,702033.0,3
71494,1918,1,150018.0,3
9736,496,2,552246.0,0
49820,521,2,1793386.0,0
86566,1835,1,142550.0,3
10344,372,1,61531.0,0
16863,825,1,294438.0,3
26736,468,3,496721.0,0
92443,1463,1,511306.0,3
59691,784,3,1071713.0,3
31447,187,2,3551426.0,0
29696,377,1,357460.0,0
87581,427,3,1481508.0,0
68715,1835,1,988446.0,3
97229,1119,1,282007.0,3
30352,1366,1,477598.0,3
87856,363,1,162078.0,0
77342,1757,1,395697.0,3
2435,1989,1,401984.0,3
3573,1240,1,141742.0,3
47129,1411,1,257916.0,3
42455,677,1,166365.0,0
96438,2087,1,1040274.0,3
23852,1415,1,422372.0,3
2973,1427,1,191300.0,3
61414,1233,1,1471216.0,3
78012,822,2,618764.0,3
75098,1526,1,234306.0,3
38822,658,1,353734.0,0
61396,511,1,293883.0,0
85062,860,2,3454816.0,3
95538,635,1,200111.0,0
42677,1351,1,161617.0,3
45922,218,4,2077765.0,0
25090,100,3,1300592.0,0
41371,294,1,774255.0,0
56494,916,1,236531.0,3
81295,399,1,325612.0,0
6174,400,1,168394.0,0
74710,243,1,798830.0,0
5270,337,1,1922116.0,0
18356,892,2,4906478.0,3
73726,439,1,677673.0,0
25494,109,2,503036.0,0
6871,270,2,301338.0,0
97675,833,2,385759.0,3
19022,1060,1,94073.0,3
58256,301,1,100400.0,0
8705,295,1,100926.0,0
68911,175,1,930432.0,0
4684,647,2,677982.0,0
70636,91,2,812374.0,0
80724,52,3,2682171.0,0
45098,556,2,670865.0,0
71307,0,1,3883970.0,0
50641,1199,1,109222.0,3
55805,1618,1,141812.0,3
32085,2072,1,278453.0,3
33827,679,1,200400.0,0
76148,302,1,584519.0,0
30565,244,1,259046.0,0
36449,641,1,2079378.0,0
39984,288,1,97677.0,0
62076,143,2,2517805.0,0
49175,315,1,417449.0,0
33317,14,1,443802.0,0
17316,579,1,141878.0,0
99901,92,3,730318.0,0
27609,1104,1,2428580.0,3
61571,2127,1,273269.0,3
10228,538,3,699959.0,0
94975,308,1,287994.0,0
81352,442,1,270721.0,0
75425,52,2,696057.0,0
31849,632,1,89978.0,0
95615,745,1,284199.0,0
89902,731,1,329289.0,0
87757,734,1,117848.0,0
79163,775,1,267839.0,3
58492,1067,1,164932.0,3
24452,535,1,230469.0,0
92459,224,1,197569.0,0
86145,172,1,58512.0,0
16848,93,1,158370.0,0
11703,183,2,339876.0,0
96369,365,1,143994.0,0
88181,725,4,1038958.0,0
60935,637,3,1124676.0,0
68483,1450,1,184106.0,3
60391,813,2,515862.0,3
9027,187,2,447719.0,0
73862,393,1,139984.0,0
11795,127,7,1644887.0,0
50359,358,1,1595055.0,0
53907,557,1,192338.0,0
19299,1764,1,154925.0,3
77762,846,1,629478.0,3
59916,600,2,791646.0,0
95424,1163,1,689208.0,3
63824,1518,1,268223.0,3
21264,1231,1,251542.0,3
92465,685,1,354475.0,0
61702,287,1,1155424.0,0
25764,2010,1,777951.0,3
98003,363,1,163502.0,0
70938,1097,1,258552.0,3
51683,1176,1,297854.0,3
22982,874,2,473833.0,3
37132,1646,1,462688.0,3
47583,1743,1,1167260.0,3
90376,309,2,1154844.0,0
89326,770,1,209327.0,3
91567,1111,1,711730.0,3
6035,742,1,375899.0,0
72294,1400,1,443830.0,3
24682,831,1,234829.0,3
43067,1701,1,132209.0,3
98216,533,1,174890.0,0
6517,352,2,1161721.0,0
34647,416,2,2563505.0,0
44019,54,1,403958.0,0
13475,610,1,246157.0,0
74978,120,1,336384.0,0
73571,125,1,383890.0,0
59918,207,2,723380.0,0
37105,180,6,3006575.0,0
32747,1846,1,177735.0,3
16593,1110,1,1020251.0,3
81053,175,4,895635.0,0
69496,920,2,1845779.0,3
5848,1643,1,198617.0,3
28955,51,3,1858037.0,0
8678,201,1,202214.0,0
47296,1153,1,130646.0,3
21636,201,2,508666.0,0
22441,1143,1,284284.0,3
49617,544,1,132292.0,0
25645,874,1,106868.0,3
50731,222,3,712008.0,0
63532,273,1,198476.0,0
84368,131,4,937896.0,0
83987,490,1,227559.0,0
44122,468,1,341731.0,0
15580,277,1,200960.0,0
2585,687,1,228969.0,0
70338,153,1,616090.0,0
94861,2212,1,126329.0,3
81963,190,1,233899.0,0
92830,0,1,832975.0,0
9630,7,1,193162.0,0
80688,551,2,751121.0,0
19645,64,1,2061614.0,0
74659,704,2,236187.0,0
46125,101,2,709158.0,0
16297,769,1,1006505.0,3
73622,2013,1,130645.0,3
64057,1419,1,192576.0,3
15212,784,1,529068.0,3
38957,972,2,487004.0,3
83251,664,1,548893.0,0
14101,264,1,298294.0,0
78997,17,2,1186835.0,0
30965,404,1,259513.0,0
79728,739,1,242820.0,0
82973,1066,1,261491.0,3
1173,901,1,199690.0,3
6291,283,2,482802.0,0
66370,645,1,3611700.0,0
58859,85,1,169650.0,0
23675,394,1,81790.0,0
72248,1684,1,423356.0,3
60588,455,1,214946.0,0
66022,1627,1,229661.0,3
91752,81,1,102787.0,0
17159,749,1,371717.0,0
59461,373,3,817036.0,0
49181,368,2,500292.0,0
75555,226,4,1482173.0,0
76344,472,3,2484739.0,0
7275,351,2,576753.0,0
22057,272,8,1931318.0,0
82121,974,1,193709.0,3
96346,462,1,1274533.0,0
5888,343,2,647697.0,0
25698,2128,1,536352.0,3
58808,362,2,699953.0,0
14095,1758,1,239658.0,3
60690,366,2,797201.0,0
85573,889,1,132582.0,3
67656,987,2,302868.0,3
42807,347,1,410275.0,0
88242,88,4,1594500.0,0
27213,1833,1,169594.0,3
13957,2131,1,450653.0,3
90849,392,1,292524.0,0
25109,2077,1,454630.0,3
1849,860,2,727553.0,3
58825,634,2,201809.0,0
59321,1714,1,308241.0,3
94716,2064,1,293101.0,3
65788,72,2,1794606.0,0
73308,8,3,850549.0,0
14767,399,1,644556.0,0
56716,266,1,380971.0,0
91717,99,1,233642.0,0
18486,1310,1,301595.0,3
25040,811,1,234490.0,3
85217,761,2,633695.0,0
36324,15,2,356786.0,0
87371,359,5,4259002.0,0
31079,369,1,195510.0,0
71471,1626,1,125551.0,3
67308,365,2,572124.0,0
69552,1541,1,58787.0,3
20788,1473,1,97617.0,3
3688,417,1,2130114.0,0
10297,23,3,4663313.0,0
94212,107,1,283149.0,0
34226,1516,1,254080.0,3
75480,242,2,1270323.0,0
68884,1023,1,3997422.0,3
99171,258,1,1578254.0,0
23440,957,2,538750.0,3
63685,851,1,221154.0,3
15969,70,1,168032.0,0
61162,96,1,558432.0,0
21453,459,2,507635.0,0
24595,202,2,442617.0,0
34305,932,2,1442165.0,3
90794,2217,1,1017069.0,3
3438,270,1,247208.0,0
68937,429,2,552363.0,0
24293,35,2,975290.0,0
37837,155,1,345762.0,0
77050,2193,1,317289.0,3
92385,1253,1,441506.0,3
86419,139,1,1236554.0,0
69416,972,1,203514.0,3
75714,47,1,359808.0,0
92567,1500,1,350119.0,3
89335,292,2,482101.0,0
32186,289,1,318183.0,0
30597,517,1,325408.0,0
78465,234,1,801080.0,0
7463,386,1,158561.0,0
99929,1115,1,343481.0,3
62441,262,1,499267.0,0
14094,376,2,306851.0,0
84624,150,2,827022.0,0
46016,1689,1,153409.0,3
97339,539,1,936684.0,0
15903,150,1,118155.0,0
85460,167,1,101094.0,0
79522,1110,1,622222.0,3
5233,729,1,103377.0,0
90878,1323,1,343580.0,3
9143,732,2,1821292.0,0
28113,474,3,932661.0,0
13421,881,2,644021.0,3
42369,126,2,1639380.0,0
73179,280,4,4783216.0,0
11487,63,4,1727733.0,0
55431,184,4,2302431.0,0
1445,1098,1,318097.0,3
17089,199,4,4023937.0,0
36972,1975,1,365226.0,3
75579,637,2,416530.0,0
14207,367,3,1626056.0,0
56953,2003,1,368124.0,3
90263,376,1,215475.0,0
98407,694,1,504228.0,0
6162,116,7,6427344.0,0
86425,859,2,414236.0,3
71855,1638,1,278434.0,3
34439,1470,1,136893.0,3
77529,376,1,261959.0,0
97244,299,3,2899254.0,0
57989,1366,1,342011.0,3
84037,722,1,280496.0,0
2767,693,1,3018527.0,0
57450,1119,1,231454.0,3
27536,1758,1,298599.0,3
74739,1875,1,543616.0,3
26389,377,1,837174.0,0
72807,1048,1,169181.0,3
81385,1224,1,271784.0,3
43417,2150,1,163124.0,3
19028,734,1,783333.0,0
38065,392,1,498390.0,0
53373,1449,1,576100.0,3
13944,800,2,2814009.0,3
99588,677,1,150828.0,0
46516,1443,1,407764.0,3
53690,496,4,1214818.0,0
60889,1645,1,3940520.0,3
61649,1196,1,343942.0,3
78632,104,6,2858376.0,0
61173,560,1,589333.0,0
38366,246,1,569463.0,0
92866,112,1,201403.0,0
21961,928,2,335067.0,3
34826,553,2,402772.0,0
71376,0,2,1278169.0,0
23187,675,1,174281.0,0
89343,287,1,389442.0,0
96561,548,1,153592.0,0
7814,806,1,300933.0,3
84249,407,1,79366.0,0
43699,858,1,140948.0,3
63771,384,4,2502904.0,0
84435,85,1,756111.0,0
66296,302,3,3893918.0,0
35709,899,1,413013.0,3
55687,1991,1,393752.0,3
63355,416,2,503860.0,0
9781,1681,1,467913.0,3
53768,630,1,140662.0,0
69500,424,2,1608479.0,0
45144,306,1,902674.0,0
69368,251,1,761608.0,0
60610,181,1,272058.0,0
73369,497,1,467787.0,0
67023,1489,1,3275608.0,3
4272,85,2,560850.0,0
91286,335,2,604610.0,0
8320,92,2,938251.0,0
87836,461,2,890063.0,0
86304,346,1,468058.0,0
30592,2021,1,356609.0,3
22747,1443,1,313408.0,3
38528,211,1,5278023.0,0
43980,426,2,636769.0,0
24783,573,1,337936.0,0
25499,313,1,275836.0,0
15047,248,2,618033.0,0
1065,2128,1,325159.0,3
12351,413,1,481145.0,0
3505,28,1,313200.0,0
91791,132,1,94321.0,0
34940,330,3,869665.0,0
63265,825,1,256481.0,3
73761,581,1,206228.0,0
83880,1095,1,351466.0,3
53246,594,1,4455869.0,0
99413,1565,1,1200606.0,3
96327,1233,1,2936934.0,3
65567,1731,1,289533.0,3
79432,623,1,169381.0,0
10037,1884,1,81111.0,3
7787,1415,1,277827.0,3
65155,1023,1,378117.0,3
88394,883,1,251506.0,3
79666,189,1,303293.0,0
72668,147,1,788115.0,0
9926,953,1,243062.0,3
46301,445,1,203560.0,0
22355,946,1,1051968.0,3
91681,740,1,177407.0,0
40384,270,1,401937.0,0
61582,255,1,1103065.0,0
1221,2011,1,127876.0,3
79944,1629,1,771486.0,3
50015,742,2,700039.0,0
93114,1366,1,238608.0,3
80707,386,1,290525.0,0
15700,371,1,535598.0,0
70996,682,2,1491441.0,0
38650,904,1,209008.0,3
70164,196,2,967747.0,0
8058,553,2,1790293.0,0
82298,1061,2,724874.0,3
88682,546,1,317791.0,0
15477,296,3,666237.0,0
70666,1485,1,380630.0,3
25791,1427,1,553513.0,3
73498,377,1,163199.0,0
92298,750,1,165135.0,0
90032,449,2,1756492.0,0
78727,1366,1,1458178.0,3
21124,737,2,491063.0,0
46470,1182,1,274521.0,3
24262,1841,1,137592.0,3
41161,1834,1,169982.0,3
76249,1475,1,260613.0,3
4976,735,1,333763.0,0
99971,1098,1,261471.0,3
88751,188,2,1059594.0,0
13166,1610,1,213563.0,3
78694,660,1,410792.0,0
86053,253,3,1821826.0,0
73401,1716,1,350487.0,3
68860,715,2,5306238.0,0
67779,2164,1,80302.0,3
11022,346,1,417033.0,0
51185,143,1,260195.0,0
90176,1415,1,325617.0,3
29385,527,1,1474454.0,0
73560,1652,1,198712.0,3
28572,102,2,388027.0,0
89079,99,5,1786874.0,0
43059,209,3,1222266.0,0
5522,218,3,2510939.0,0
40014,675,3,955387.0,0
74516,663,2,1445112.0,0
7209,252,1,273421.0,0
37554,195,1,688149.0,0
46949,27,1,164929.0,0
26638,21,2,710958.0,0
77517,167,6,1319206.0,0
4200,1141,1,346840.0,3
77242,629,1,223689.0,0
58537,42,2,1743092.0,0
79917,85,1,899180.0,0
15049,1107,2,287456.0,3
33460,177,2,1932428.0,0
4644,629,1,372862.0,0
35658,1351,1,270774.0,3
33474,352,2,714835.0,0
84728,232,3,1354669.0,0
68833,313,2,1084185.0,0
56041,666,1,529308.0,0
56493,745,2,1050161.0,0
31004,292,1,129193.0,0
2444,400,1,132139.0,0
57298,463,1,2825494.0,0
77188,414,1,721313.0,0
42932,133,1,2659490.0,0
85151,0,1,369489.0,0
97317,1324,1,219102.0,3
80674,36,3,2695921.0,0
96078,118,1,269791.0,0
17283,1196,1,140040.0,3
15792,999,1,89506.0,3
61821,95,1,223686.0,0
57250,171,1,151309.0,0
39015,603,2,583081.0,0
21520,279,1,711116.0,0
51046,316,1,135330.0,0
99632,2209,1,277461.0,3
91710,495,1,320967.0,0
3316,918,1,166246.0,3
5821,218,1,199301.0,0
39059,1962,1,331985.0,3
26635,697,1,192100.0,0
66784,83,1,143168.0,0
44445,110,1,366686.0,0
81417,166,1,519369.0,0
28344,429,1,397705.0,0
47557,518,1,300510.0,0
8834,274,1,269510.0,0
12376,29,1,397574.0,0
13415,162,1,148059.0,0
85232,150,1,206351.0,0
17313,1917,1,1065219.0,3
87044,99,1,686229.0,0
93513,812,1,618340.0,3
699,0,1,254297.0,0
14483,1642,1,367161.0,3
93499,436,1,225640.0,0
